/*
Navicat MySQL Data Transfer

Source Server         : localhost
Source Server Version : 50547
Source Host           : localhost:3306
Source Database       : test

Target Server Type    : MYSQL
Target Server Version : 50547
File Encoding         : 65001

Date: 2018-03-15 11:31:36
*/

SET FOREIGN_KEY_CHECKS=0;

-- ----------------------------
-- Table structure for `about`
-- ----------------------------
DROP TABLE IF EXISTS `about`;
CREATE TABLE `about` (
  `abid` int(11) NOT NULL AUTO_INCREMENT,
  `content` longtext,
  PRIMARY KEY (`abid`)
) ENGINE=MyISAM AUTO_INCREMENT=2 DEFAULT CHARSET=utf8;

-- ----------------------------
-- Records of about
-- ----------------------------
INSERT INTO `about` VALUES ('1', '<p style=\"margin-bottom: 20px;\"><img src=\"/ueditor/php/upload/image/20170426/1493177060116017.jpg\" _src=\"/ueditor/php/upload/image/20170426/1493177060116017.jpg\" style=\"\" title=\"1493177060116017.jpg\"></p><p style=\"margin-bottom: 20px;\"><img src=\"/ueditor/php/upload/image/20170426/1493177060299070.jpg\" _src=\"/ueditor/php/upload/image/20170426/1493177060299070.jpg\" style=\"\" title=\"1493177060299070.jpg\"></p><p style=\"margin-bottom: 20px;\"><img src=\"/ueditor/php/upload/image/20170426/1493177060810245.jpg\" _src=\"/ueditor/php/upload/image/20170426/1493177060810245.jpg\" style=\"\" title=\"1493177060810245.jpg\"></p><p style=\"margin-bottom: 20px;\"><img src=\"/ueditor/php/upload/image/20170426/1493177060537897.jpg\" _src=\"/ueditor/php/upload/image/20170426/1493177060537897.jpg\" style=\"\" title=\"1493177060537897.jpg\"></p><p style=\"margin-bottom: 20px;\"><img src=\"/ueditor/php/upload/image/20170426/1493177060212878.jpg\" _src=\"/ueditor/php/upload/image/20170426/1493177060212878.jpg\" style=\"\" title=\"1493177060212878.jpg\"></p><p style=\"margin-bottom: 20px;\"><img src=\"/ueditor/php/upload/image/20170426/1493177060125071.jpg\" _src=\"/ueditor/php/upload/image/20170426/1493177060125071.jpg\" style=\"\" title=\"1493177060125071.jpg\">&nbsp; &nbsp;&nbsp; <br></p>');

-- ----------------------------
-- Table structure for `admin_permission_role`
-- ----------------------------
DROP TABLE IF EXISTS `admin_permission_role`;
CREATE TABLE `admin_permission_role` (
  `id` int(10) unsigned NOT NULL AUTO_INCREMENT,
  `role_id` int(11) NOT NULL,
  `permission_id` int(11) NOT NULL,
  `created_at` timestamp NULL DEFAULT NULL,
  `updated_at` timestamp NULL DEFAULT NULL,
  PRIMARY KEY (`id`)
) ENGINE=MyISAM AUTO_INCREMENT=10 DEFAULT CHARSET=utf8mb4 COLLATE=utf8mb4_unicode_ci;

-- ----------------------------
-- Records of admin_permission_role
-- ----------------------------
INSERT INTO `admin_permission_role` VALUES ('5', '5', '1', null, null);
INSERT INTO `admin_permission_role` VALUES ('6', '5', '2', null, null);
INSERT INTO `admin_permission_role` VALUES ('7', '5', '3', null, null);
INSERT INTO `admin_permission_role` VALUES ('8', '5', '10', null, null);
INSERT INTO `admin_permission_role` VALUES ('9', '6', '2', null, null);

-- ----------------------------
-- Table structure for `admin_permissions`
-- ----------------------------
DROP TABLE IF EXISTS `admin_permissions`;
CREATE TABLE `admin_permissions` (
  `id` int(10) unsigned NOT NULL AUTO_INCREMENT,
  `name` varchar(30) COLLATE utf8mb4_unicode_ci NOT NULL DEFAULT '',
  `description` varchar(100) COLLATE utf8mb4_unicode_ci NOT NULL DEFAULT '',
  `created_at` timestamp NULL DEFAULT NULL,
  `updated_at` timestamp NULL DEFAULT NULL,
  PRIMARY KEY (`id`)
) ENGINE=MyISAM AUTO_INCREMENT=11 DEFAULT CHARSET=utf8mb4 COLLATE=utf8mb4_unicode_ci;

-- ----------------------------
-- Records of admin_permissions
-- ----------------------------
INSERT INTO `admin_permissions` VALUES ('1', 'system', '系统管理', '2017-11-24 15:32:52', '2017-11-24 15:32:54');
INSERT INTO `admin_permissions` VALUES ('2', 'post', '文章管理', '2017-11-24 15:33:14', '2017-11-24 15:33:17');
INSERT INTO `admin_permissions` VALUES ('3', 'topic', '专题管理', '2017-11-24 15:33:35', '2017-11-24 15:33:38');
INSERT INTO `admin_permissions` VALUES ('10', 'notice', '通知管理', '2017-11-24 16:13:00', '2017-11-24 16:13:00');

-- ----------------------------
-- Table structure for `admin_role_user`
-- ----------------------------
DROP TABLE IF EXISTS `admin_role_user`;
CREATE TABLE `admin_role_user` (
  `id` int(10) unsigned NOT NULL AUTO_INCREMENT,
  `role_id` int(11) NOT NULL,
  `user_id` int(11) NOT NULL,
  `created_at` timestamp NULL DEFAULT NULL,
  `updated_at` timestamp NULL DEFAULT NULL,
  PRIMARY KEY (`id`)
) ENGINE=MyISAM AUTO_INCREMENT=6 DEFAULT CHARSET=utf8mb4 COLLATE=utf8mb4_unicode_ci;

-- ----------------------------
-- Records of admin_role_user
-- ----------------------------
INSERT INTO `admin_role_user` VALUES ('3', '6', '1', null, null);
INSERT INTO `admin_role_user` VALUES ('4', '5', '2', null, null);
INSERT INTO `admin_role_user` VALUES ('5', '7', '3', null, null);

-- ----------------------------
-- Table structure for `admin_roles`
-- ----------------------------
DROP TABLE IF EXISTS `admin_roles`;
CREATE TABLE `admin_roles` (
  `id` int(10) unsigned NOT NULL AUTO_INCREMENT,
  `name` varchar(30) COLLATE utf8mb4_unicode_ci NOT NULL DEFAULT '',
  `description` varchar(100) COLLATE utf8mb4_unicode_ci NOT NULL DEFAULT '',
  `created_at` timestamp NULL DEFAULT NULL,
  `updated_at` timestamp NULL DEFAULT NULL,
  PRIMARY KEY (`id`)
) ENGINE=MyISAM AUTO_INCREMENT=8 DEFAULT CHARSET=utf8mb4 COLLATE=utf8mb4_unicode_ci;

-- ----------------------------
-- Records of admin_roles
-- ----------------------------
INSERT INTO `admin_roles` VALUES ('5', 'sys-manager', '系统管理员', '2017-11-24 16:13:38', '2017-11-24 16:13:38');
INSERT INTO `admin_roles` VALUES ('6', 'post-manager', '文章管理员', '2017-11-24 16:15:15', '2017-11-24 16:15:15');
INSERT INTO `admin_roles` VALUES ('7', 'topic-manager', '专题管理员', '2017-11-27 10:42:56', '2017-11-27 10:42:56');

-- ----------------------------
-- Table structure for `admin_users`
-- ----------------------------
DROP TABLE IF EXISTS `admin_users`;
CREATE TABLE `admin_users` (
  `id` int(10) unsigned NOT NULL AUTO_INCREMENT,
  `name` varchar(191) COLLATE utf8mb4_unicode_ci NOT NULL,
  `password` varchar(191) COLLATE utf8mb4_unicode_ci NOT NULL,
  `created_at` timestamp NULL DEFAULT NULL,
  `updated_at` timestamp NULL DEFAULT NULL,
  PRIMARY KEY (`id`)
) ENGINE=MyISAM AUTO_INCREMENT=4 DEFAULT CHARSET=utf8mb4 COLLATE=utf8mb4_unicode_ci;

-- ----------------------------
-- Records of admin_users
-- ----------------------------
INSERT INTO `admin_users` VALUES ('1', 'test2', '$2y$10$PeqaLFx.t.4aB3XAk5MgtuBOi10zJU6aos9YOwIRqkb5QF0scOPEO', '2017-11-22 12:05:43', '2017-11-22 12:05:43');
INSERT INTO `admin_users` VALUES ('2', 'test3', '$2y$10$V/pnyJij1OK00uOtnR.3oOLFoSE46.AiX0G71cZOic/XejVqwjUgy', '2017-11-22 15:54:12', '2017-11-22 15:54:12');
INSERT INTO `admin_users` VALUES ('3', 'test4', '$2y$10$DrPhNcC/dNXzrlOlvp5W.upFMWYQvs1WN91vpLhRDVMdUe6fFyBK.', '2017-11-22 15:58:02', '2017-11-22 15:58:02');

-- ----------------------------
-- Table structure for `adminuser`
-- ----------------------------
DROP TABLE IF EXISTS `adminuser`;
CREATE TABLE `adminuser` (
  `userid` int(10) NOT NULL AUTO_INCREMENT,
  `opusername` varchar(20) CHARACTER SET utf8 COLLATE utf8_unicode_ci NOT NULL,
  `opuserpass` varchar(50) CHARACTER SET utf8 COLLATE utf8_unicode_ci NOT NULL,
  `zsname` varchar(50) CHARACTER SET utf8 COLLATE utf8_unicode_ci DEFAULT NULL,
  `Purview` varchar(50) CHARACTER SET utf8 COLLATE utf8_unicode_ci DEFAULT NULL,
  `LoginTimes` int(8) NOT NULL DEFAULT '0',
  `LastLoginTime` datetime DEFAULT NULL,
  `LastLoginIP` varchar(30) CHARACTER SET utf8 COLLATE utf8_unicode_ci DEFAULT NULL,
  `locking` int(2) NOT NULL DEFAULT '0',
  PRIMARY KEY (`userid`)
) ENGINE=MyISAM AUTO_INCREMENT=2 DEFAULT CHARSET=utf8 PACK_KEYS=0;

-- ----------------------------
-- Records of adminuser
-- ----------------------------
INSERT INTO `adminuser` VALUES ('1', 'webadmin', 'e10adc3949ba59abbe56e057f20f883e', null, '1001,1,2,3,4,5,6,7,8,9,10,11,12,13,14,15', '937', '2017-05-12 11:09:11', '127.0.0.1', '0');

-- ----------------------------
-- Table structure for `banner`
-- ----------------------------
DROP TABLE IF EXISTS `banner`;
CREATE TABLE `banner` (
  `adid` int(11) NOT NULL AUTO_INCREMENT,
  `status` varchar(5) DEFAULT '0',
  `picurl` varchar(255) DEFAULT NULL,
  `paixu` int(11) DEFAULT '0',
  `class` varchar(5) DEFAULT NULL,
  PRIMARY KEY (`adid`)
) ENGINE=MyISAM AUTO_INCREMENT=158 DEFAULT CHARSET=utf8;

-- ----------------------------
-- Records of banner
-- ----------------------------
INSERT INTO `banner` VALUES ('154', '1', '58fff5511d150.jpg', '1', '2');
INSERT INTO `banner` VALUES ('155', '1', '58fff55da405e.jpg', '2', '2');
INSERT INTO `banner` VALUES ('156', '1', '58fff56937c93.jpg', '3', '2');
INSERT INTO `banner` VALUES ('157', '1', '58fff572d0ff2.jpg', '4', '2');
INSERT INTO `banner` VALUES ('150', '1', '58fd9aa12c09c.jpg', '4', '1');
INSERT INTO `banner` VALUES ('151', '1', '58fd9adfa63fb.jpg', '3', '1');
INSERT INTO `banner` VALUES ('152', '1', '58fd9aec5bf69.jpg', '2', '1');
INSERT INTO `banner` VALUES ('153', '1', '58fd9af6b9dbb.jpg', '1', '1');

-- ----------------------------
-- Table structure for `comments`
-- ----------------------------
DROP TABLE IF EXISTS `comments`;
CREATE TABLE `comments` (
  `id` int(10) unsigned NOT NULL AUTO_INCREMENT,
  `user_id` int(11) NOT NULL DEFAULT '0',
  `post_id` int(11) NOT NULL DEFAULT '0',
  `content` text COLLATE utf8mb4_unicode_ci NOT NULL,
  `created_at` timestamp NULL DEFAULT NULL,
  `updated_at` timestamp NULL DEFAULT NULL,
  PRIMARY KEY (`id`)
) ENGINE=MyISAM AUTO_INCREMENT=10 DEFAULT CHARSET=utf8mb4 COLLATE=utf8mb4_unicode_ci;

-- ----------------------------
-- Records of comments
-- ----------------------------
INSERT INTO `comments` VALUES ('1', '3', '27', 'user2发表的评论', '2017-11-16 11:15:54', '2017-11-16 11:15:54');
INSERT INTO `comments` VALUES ('2', '3', '27', 'user3发表的评论', '2017-11-16 11:28:55', '2017-11-16 11:28:55');
INSERT INTO `comments` VALUES ('3', '3', '27', '按时大法师法大师法索多敷', '2017-11-16 11:30:09', '2017-11-16 11:30:09');
INSERT INTO `comments` VALUES ('4', '3', '27', '阿斯顿发生大发', '2017-11-16 11:30:26', '2017-11-16 11:30:26');
INSERT INTO `comments` VALUES ('5', '3', '27', '阿斯蒂芬', '2017-11-16 11:30:47', '2017-11-16 11:30:47');
INSERT INTO `comments` VALUES ('6', '3', '3', '发表评论', '2017-11-16 11:36:38', '2017-11-16 11:36:38');
INSERT INTO `comments` VALUES ('7', '3', '23', '评论1', '2017-11-16 11:37:25', '2017-11-16 11:37:25');
INSERT INTO `comments` VALUES ('8', '3', '3', '大声道', '2017-11-16 11:49:36', '2017-11-16 11:49:36');
INSERT INTO `comments` VALUES ('9', '1', '32', '很好，不错', '2018-01-11 11:21:50', '2018-01-11 11:21:50');

-- ----------------------------
-- Table structure for `fans`
-- ----------------------------
DROP TABLE IF EXISTS `fans`;
CREATE TABLE `fans` (
  `id` int(10) unsigned NOT NULL AUTO_INCREMENT,
  `fan_id` int(11) NOT NULL DEFAULT '0',
  `star_id` int(11) NOT NULL DEFAULT '0',
  `created_at` timestamp NULL DEFAULT NULL,
  `updated_at` timestamp NULL DEFAULT NULL,
  PRIMARY KEY (`id`)
) ENGINE=MyISAM AUTO_INCREMENT=8 DEFAULT CHARSET=utf8mb4 COLLATE=utf8mb4_unicode_ci;

-- ----------------------------
-- Records of fans
-- ----------------------------
INSERT INTO `fans` VALUES ('2', '2', '1', '2017-11-17 17:07:49', '2017-11-17 17:07:51');
INSERT INTO `fans` VALUES ('3', '3', '1', null, null);
INSERT INTO `fans` VALUES ('7', '1', '2', '2017-11-17 18:29:00', '2017-11-17 18:29:00');

-- ----------------------------
-- Table structure for `jobs`
-- ----------------------------
DROP TABLE IF EXISTS `jobs`;
CREATE TABLE `jobs` (
  `id` bigint(20) unsigned NOT NULL AUTO_INCREMENT,
  `queue` varchar(191) COLLATE utf8mb4_unicode_ci NOT NULL,
  `payload` longtext COLLATE utf8mb4_unicode_ci NOT NULL,
  `attempts` tinyint(3) unsigned NOT NULL,
  `reserved_at` int(10) unsigned DEFAULT NULL,
  `available_at` int(10) unsigned NOT NULL,
  `created_at` int(10) unsigned NOT NULL,
  PRIMARY KEY (`id`),
  KEY `jobs_queue_reserved_at_index` (`queue`,`reserved_at`)
) ENGINE=MyISAM AUTO_INCREMENT=4 DEFAULT CHARSET=utf8mb4 COLLATE=utf8mb4_unicode_ci;

-- ----------------------------
-- Records of jobs
-- ----------------------------

-- ----------------------------
-- Table structure for `migrations`
-- ----------------------------
DROP TABLE IF EXISTS `migrations`;
CREATE TABLE `migrations` (
  `id` int(10) unsigned NOT NULL AUTO_INCREMENT,
  `migration` varchar(255) COLLATE utf8mb4_unicode_ci NOT NULL,
  `batch` int(11) NOT NULL,
  PRIMARY KEY (`id`)
) ENGINE=MyISAM AUTO_INCREMENT=23 DEFAULT CHARSET=utf8mb4 COLLATE=utf8mb4_unicode_ci;

-- ----------------------------
-- Records of migrations
-- ----------------------------
INSERT INTO `migrations` VALUES ('1', '2014_10_12_000000_create_users_table', '1');
INSERT INTO `migrations` VALUES ('2', '2014_10_12_100000_create_password_resets_table', '1');
INSERT INTO `migrations` VALUES ('3', '2017_11_08_023144_create_students_table', '1');
INSERT INTO `migrations` VALUES ('4', '2017_11_08_023459_create_articles_table', '1');
INSERT INTO `migrations` VALUES ('5', '2017_11_11_070446_create_students_table', '2');
INSERT INTO `migrations` VALUES ('6', '2017_11_08_023145_create_students_table', '3');
INSERT INTO `migrations` VALUES ('7', '2017_11_08_023146_create_students_table', '4');
INSERT INTO `migrations` VALUES ('8', '2017_11_08_023147_create_students_table', '5');
INSERT INTO `migrations` VALUES ('9', '2017_11_14_074931_create_posts_table', '6');
INSERT INTO `migrations` VALUES ('10', '2017_11_14_074932_create_posts_table', '7');
INSERT INTO `migrations` VALUES ('11', '2017_11_16_102914_create_comments_table', '8');
INSERT INTO `migrations` VALUES ('12', '2017_11_16_114243_create_zans_table', '9');
INSERT INTO `migrations` VALUES ('13', '2017_11_17_144100_create_fans_table', '10');
INSERT INTO `migrations` VALUES ('14', '2017_11_17_163402_after_user_table_add_avatar', '11');
INSERT INTO `migrations` VALUES ('15', '2017_11_21_142606_create_topics_table', '12');
INSERT INTO `migrations` VALUES ('16', '2017_11_21_142648_create_post_topic_table', '12');
INSERT INTO `migrations` VALUES ('17', '2017_11_22_104604_create_admin_users_table', '13');
INSERT INTO `migrations` VALUES ('18', '2017_11_22_160814_after_posts_table', '14');
INSERT INTO `migrations` VALUES ('19', '2017_11_22_160815_after_posts_table', '15');
INSERT INTO `migrations` VALUES ('20', '2017_11_24_095439_create_permission_and_roles', '16');
INSERT INTO `migrations` VALUES ('21', '2017_11_27_142128_create_notice_table', '17');
INSERT INTO `migrations` VALUES ('22', '2017_11_27_151707_create_jobs_table', '18');

-- ----------------------------
-- Table structure for `notices`
-- ----------------------------
DROP TABLE IF EXISTS `notices`;
CREATE TABLE `notices` (
  `id` int(10) unsigned NOT NULL AUTO_INCREMENT,
  `title` varchar(50) COLLATE utf8mb4_unicode_ci NOT NULL DEFAULT '',
  `content` varchar(1000) COLLATE utf8mb4_unicode_ci NOT NULL DEFAULT '',
  `created_at` timestamp NULL DEFAULT NULL,
  `updated_at` timestamp NULL DEFAULT NULL,
  PRIMARY KEY (`id`)
) ENGINE=MyISAM AUTO_INCREMENT=5 DEFAULT CHARSET=utf8mb4 COLLATE=utf8mb4_unicode_ci;

-- ----------------------------
-- Records of notices
-- ----------------------------
INSERT INTO `notices` VALUES ('1', '简书通知1', '内容', '2017-11-27 14:53:25', '2017-11-27 14:53:25');
INSERT INTO `notices` VALUES ('2', '秋去，寒凉，冬至', '秋去，寒凉，冬至', '2017-11-27 15:32:23', '2017-11-27 15:32:23');
INSERT INTO `notices` VALUES ('3', '测试仪阿斯顿发送到发送到发', '测试仪阿斯顿发送到发送到发', '2017-11-27 15:37:12', '2017-11-27 15:37:12');
INSERT INTO `notices` VALUES ('4', '简书通知1', '啊是打发是打发是的发送到发斯蒂芬', '2017-11-27 15:38:06', '2017-11-27 15:38:06');

-- ----------------------------
-- Table structure for `password_resets`
-- ----------------------------
DROP TABLE IF EXISTS `password_resets`;
CREATE TABLE `password_resets` (
  `email` varchar(255) COLLATE utf8mb4_unicode_ci NOT NULL,
  `token` varchar(255) COLLATE utf8mb4_unicode_ci NOT NULL,
  `created_at` timestamp NULL DEFAULT NULL,
  KEY `password_resets_email_index` (`email`(250)),
  KEY `password_resets_token_index` (`token`(250))
) ENGINE=MyISAM DEFAULT CHARSET=utf8mb4 COLLATE=utf8mb4_unicode_ci;

-- ----------------------------
-- Records of password_resets
-- ----------------------------
INSERT INTO `password_resets` VALUES ('462369233@qq.com', '$2y$10$qOqDJmolMit7EKMnYqp7.uC.AYimfztFDxaLEpeIVTuqWu7k7tdHS', '2017-11-08 03:05:47');

-- ----------------------------
-- Table structure for `post_topics`
-- ----------------------------
DROP TABLE IF EXISTS `post_topics`;
CREATE TABLE `post_topics` (
  `id` int(10) unsigned NOT NULL AUTO_INCREMENT,
  `post_id` int(11) NOT NULL DEFAULT '0',
  `topic_id` int(11) NOT NULL DEFAULT '0',
  `created_at` timestamp NULL DEFAULT NULL,
  `updated_at` timestamp NULL DEFAULT NULL,
  PRIMARY KEY (`id`)
) ENGINE=MyISAM AUTO_INCREMENT=8 DEFAULT CHARSET=utf8mb4 COLLATE=utf8mb4_unicode_ci;

-- ----------------------------
-- Records of post_topics
-- ----------------------------
INSERT INTO `post_topics` VALUES ('1', '21', '1', '2017-11-21 17:19:05', '2017-11-21 17:19:08');
INSERT INTO `post_topics` VALUES ('2', '21', '2', '2017-11-21 17:19:36', '2017-11-21 17:19:39');
INSERT INTO `post_topics` VALUES ('3', '32', '2', '2017-11-21 17:43:29', '2017-11-21 17:43:29');
INSERT INTO `post_topics` VALUES ('4', '31', '2', '2017-11-21 17:43:43', '2017-11-21 17:43:43');
INSERT INTO `post_topics` VALUES ('5', '32', '1', '2017-11-21 17:44:08', '2017-11-21 17:44:08');
INSERT INTO `post_topics` VALUES ('6', '27', '1', '2018-01-17 15:19:15', '2018-01-17 15:19:15');
INSERT INTO `post_topics` VALUES ('7', '23', '1', '2018-01-17 15:19:20', '2018-01-17 15:19:20');

-- ----------------------------
-- Table structure for `posts`
-- ----------------------------
DROP TABLE IF EXISTS `posts`;
CREATE TABLE `posts` (
  `id` int(10) unsigned NOT NULL AUTO_INCREMENT,
  `title` varchar(100) COLLATE utf8mb4_unicode_ci NOT NULL,
  `content` text COLLATE utf8mb4_unicode_ci NOT NULL,
  `user_id` int(11) NOT NULL,
  `created_at` timestamp NULL DEFAULT NULL,
  `updated_at` timestamp NULL DEFAULT NULL,
  `status` tinyint(4) NOT NULL DEFAULT '0',
  PRIMARY KEY (`id`)
) ENGINE=MyISAM AUTO_INCREMENT=33 DEFAULT CHARSET=utf8mb4 COLLATE=utf8mb4_unicode_ci;

-- ----------------------------
-- Records of posts
-- ----------------------------
INSERT INTO `posts` VALUES ('1', 'this is post1', 'this is post1 content', '1', '2017-11-14 08:05:08', '2017-11-14 08:05:08', '0');
INSERT INTO `posts` VALUES ('2', 'this is post2', 'this is post2 content', '1', '2017-11-14 08:09:00', '2017-11-14 08:09:00', '0');
INSERT INTO `posts` VALUES ('3', 'Consequatur similique dignissimos blanditiis nemo.', 'Id ut temporibus illum minus accusantium. Eius beatae qui voluptatem. Illum vel dolor eius ipsa et fugiat. Quia non dolores repellat expedita asperiores dolore. Et omnis reprehenderit omnis sit officia itaque maxime. Omnis error dolorem sit iusto porro non. Sit earum libero quod vel voluptas. Animi sed sunt ut enim id voluptatum. Rerum et quo earum saepe. Optio non debitis aut laborum voluptas. Sunt vel omnis quia molestiae exercitationem sint vel.', '2', '2017-11-14 17:00:31', '2017-11-22 17:39:24', '1');
INSERT INTO `posts` VALUES ('4', 'Quia sed corporis quo maiores.', 'Sit officiis reprehenderit qui laboriosam. Voluptate et illum quis iusto voluptates amet. Eveniet sit dolores totam et recusandae blanditiis voluptas sed. Voluptas explicabo sequi ex et deserunt. Exercitationem natus cumque dignissimos. Reiciendis alias laboriosam et. Distinctio perferendis laborum praesentium illo tenetur excepturi. Labore exercitationem libero doloribus sed. Nobis iure quo error quia delectus. Autem ullam minus sunt aliquam. Non dicta sed inventore modi. Est possimus qui fuga magnam tenetur optio ratione ipsa.', '2', '2017-11-14 17:00:31', '2017-11-22 17:39:27', '1');
INSERT INTO `posts` VALUES ('5', 'Dolore distinctio nesciunt doloremque eligendi vel mollitia omnis.', 'Similique debitis nemo perferendis sunt nihil possimus beatae et. Illo recusandae est suscipit doloribus. Est dolorum maiores repellat quas ea. Et ullam omnis aut eos. Dicta dolor neque quibusdam sit quibusdam omnis et. Alias nostrum autem ut nihil aut iure. A ullam ex eveniet fugit facere. Occaecati occaecati est voluptas et nemo eos. Ad illo consequatur numquam quis ea. Ad molestiae nulla delectus hic rerum. Delectus sint esse vel esse iste ipsum fugit corporis. Beatae ab suscipit dolorem similique illo sint.', '2', '2017-11-14 17:00:31', '2017-11-22 18:23:34', '-1');
INSERT INTO `posts` VALUES ('6', 'Similique nam ut numquam voluptatibus alias.', 'Libero velit aut vel dolorum dignissimos accusantium et. Temporibus voluptas vel enim enim dolorem itaque. Laudantium voluptatem ab dolores rerum inventore. Est amet ad molestiae nisi. Ut cum optio voluptatem repudiandae ut. Odio dolore iste aut et reiciendis reprehenderit. Perferendis qui enim eos quibusdam voluptatem incidunt. Quos dignissimos sint tempore quo. Qui aliquid suscipit sed nulla. Exercitationem vel ullam ipsam corporis velit nam nam voluptatem.', '2', '2017-11-14 17:00:31', '2017-11-27 17:36:01', '1');
INSERT INTO `posts` VALUES ('7', 'Est debitis ex reprehenderit consectetur sunt.', 'Aut distinctio tenetur iure quo voluptates. Et eos et qui sequi dignissimos. Libero dolore sunt dolorem omnis necessitatibus et culpa et. Voluptatem aut aut iste fugit aut et. Facilis placeat incidunt accusamus facere voluptatem vel. Iste natus sunt nisi atque id. Aliquam ea iste natus earum qui enim. Et quasi ut sit voluptate aliquam sequi. Aliquid iure ut voluptas corrupti.', '2', '2017-11-14 17:00:31', '2017-11-27 18:10:19', '1');
INSERT INTO `posts` VALUES ('8', 'Quo quidem deserunt et culpa voluptatem molestias non.', 'Eum vitae repellendus repellendus sit libero dolor. Minima consequuntur ut dolorem odio nisi. Vitae qui sunt fugiat sed dignissimos dolorum in maxime. Quae et quia dolores nulla enim officiis. Ex eveniet dignissimos occaecati ad quia quia facere. Facere exercitationem facilis deserunt quia itaque pariatur quo. Est iste nobis nisi accusamus ipsam rerum et. Possimus sequi nihil voluptas explicabo. Odit dolorem ipsa molestiae. Et voluptate non rerum mollitia. Nobis cumque voluptate voluptates eligendi. Aut debitis mollitia ratione aliquid rerum. Animi sequi animi rerum dolorum.', '2', '2017-11-14 17:00:31', '2017-11-14 17:00:31', '0');
INSERT INTO `posts` VALUES ('9', 'Facere ex sunt molestiae consequatur.', 'Aut fuga dolores fuga suscipit tempora. Incidunt ullam sunt magni fugit asperiores ex ut. Quo cupiditate dolores magni. Et fugit adipisci esse nobis hic. Omnis et tempora nam neque ipsam nisi. Et odit perspiciatis aut ab. Voluptate distinctio laborum consequatur. Iure quia eligendi suscipit nisi.', '2', '2017-11-14 17:00:31', '2017-11-14 17:00:31', '0');
INSERT INTO `posts` VALUES ('10', 'Dignissimos amet libero qui esse reprehenderit nemo placeat.', 'Voluptatem quasi exercitationem neque neque earum dolor. Incidunt omnis ut fugit aut. A dolores aliquid est aut enim quos. Facilis aut libero voluptatem omnis labore est aperiam. Cum quia quis ut qui omnis ipsa. Tempora vel et doloribus sit non ut. Culpa iusto omnis veniam exercitationem hic dolorem molestias. Illo consectetur distinctio corporis fugit non. Qui est nisi aut sequi possimus.', '1', '2017-11-14 17:00:31', '2017-11-14 17:00:31', '0');
INSERT INTO `posts` VALUES ('11', 'Voluptatibus minus enim inventore aut.', 'Quisquam aperiam fugiat vero reiciendis unde repudiandae dolorem. Fuga accusantium non omnis et debitis nisi quae. Eum quis eos quaerat sunt repellat exercitationem nemo. Ad voluptas consequatur et sed. Quas voluptatem ipsum sit est laborum illum. Quia dolorem quas voluptates illo temporibus facilis voluptatem. Aut reprehenderit ea quam. Dignissimos impedit minima ea ut reprehenderit in. Consequatur molestiae dolorem eveniet quis laudantium ex nihil. Nulla omnis incidunt optio possimus similique at.', '1', '2017-11-14 17:00:31', '2017-11-14 17:00:31', '0');
INSERT INTO `posts` VALUES ('12', 'Sint tempora et alias eius.', 'Est dicta officia quidem. Soluta voluptatem perspiciatis rerum est voluptatem iure doloremque consectetur. Molestiae fugit nemo adipisci distinctio recusandae maxime labore et. Amet id rerum harum officiis eum possimus quaerat architecto. Fugit officiis qui unde et consequuntur qui provident. Labore accusamus modi sunt omnis nostrum quia. Dolor fugiat minima in officia et voluptatem ad. Quos corrupti dolorum qui quas qui. Ipsam voluptatem aut ab et dolorem. Rerum beatae rerum fugit beatae. Accusamus amet aut nihil perspiciatis possimus voluptatem ut. Vel necessitatibus repudiandae ea quia est nesciunt. Assumenda ut sint unde.', '1', '2017-11-14 17:00:31', '2017-11-14 17:00:31', '0');
INSERT INTO `posts` VALUES ('13', 'Voluptates dolor assumenda repudiandae ipsum consequatur voluptatum quod.', 'Ad hic incidunt repellat laborum. Voluptas soluta sunt voluptas in minus illum. Aut maiores impedit ut architecto laborum incidunt. Iste quisquam nobis corporis labore. Veritatis pariatur tenetur aliquam quaerat voluptatem quaerat. Dolorem eveniet qui aut et quasi. Minima quasi non aspernatur quae nostrum quas qui omnis.', '1', '2017-11-14 17:00:31', '2017-11-14 17:00:31', '0');
INSERT INTO `posts` VALUES ('14', 'Voluptatem ab ipsum vel itaque a.', 'Enim quaerat quia incidunt consequatur. Dolorem veritatis ab tempore eos. Eveniet consequatur aut facilis. Et ex error quis iusto eum. Delectus eos delectus ut recusandae. Similique cupiditate quis repellendus provident dignissimos ea. Aut in voluptatibus quidem accusamus hic nesciunt ut. Velit unde voluptate veniam totam quis molestiae amet. Officia suscipit tempore quia dolores sint esse rerum. Soluta delectus quaerat ab dolores cupiditate rerum. Omnis doloribus asperiores nobis et. Blanditiis quidem doloremque quo voluptatem ullam facere. Aut repellat accusamus repudiandae culpa et cumque. Praesentium aliquid omnis mollitia quis.', '1', '2017-11-14 17:00:31', '2017-11-14 17:00:31', '0');
INSERT INTO `posts` VALUES ('15', 'Numquam fugit amet velit et saepe et ut.', 'Ipsa optio molestiae quae quae facilis. Laborum excepturi expedita qui aut dolorem non. Ut non est iure eius. Error numquam tempora officiis qui eaque dolores et. Iure nulla ut delectus nam blanditiis. Provident commodi libero corrupti. Nam est et explicabo magni autem est perspiciatis.', '1', '2017-11-14 17:00:31', '2017-11-14 17:00:31', '0');
INSERT INTO `posts` VALUES ('16', 'Qui iusto iste possimus accusantium animi porro quis.', 'Totam inventore fugit labore eum. Qui est voluptatem est et. Recusandae dolorem molestiae eligendi libero officiis qui praesentium commodi. Quam aut consequatur nobis est. Laboriosam architecto illo aliquam doloremque impedit est. Sapiente incidunt sint qui non laborum possimus sed. Possimus ut iusto omnis cumque ipsam id. Beatae neque vel neque eum qui.', '1', '2017-11-14 17:00:31', '2017-11-14 17:00:31', '0');
INSERT INTO `posts` VALUES ('17', 'Amet qui dolores aspernatur rerum laborum inventore.', 'Velit ut aspernatur non. Fugiat aspernatur illo eligendi sapiente et minima itaque et. Molestiae reprehenderit ut quo illo necessitatibus. Magni ullam sit blanditiis ex. Laborum voluptatem labore id cumque necessitatibus similique id. Veritatis qui nihil atque tempore fugiat. Perferendis sint qui accusamus rerum voluptatibus similique qui. Officiis eum rem ducimus. Dolorem ad quas molestias aliquid delectus id sint. Et ut molestias aut ut. Quia sit illo harum alias voluptatibus. Saepe vel consequatur adipisci rem et qui recusandae. Perspiciatis dolorem debitis consectetur dolores. Dignissimos officiis velit et dicta provident.', '1', '2017-11-14 17:00:31', '2017-11-14 17:00:31', '0');
INSERT INTO `posts` VALUES ('18', 'Fuga laboriosam at consectetur dolores quaerat explicabo.', 'Suscipit veniam doloribus minima laudantium aut in. Ipsa quod omnis rem tempora illum cupiditate sed. Quod et ipsum aut ullam harum. Sunt iste beatae aliquid voluptas excepturi necessitatibus. Harum voluptatem sit necessitatibus consectetur reiciendis unde dolor. Similique aut doloribus sequi libero dolores temporibus. Aut sed voluptatibus sint possimus. Aut voluptatum praesentium totam tempora molestias itaque mollitia libero. Et unde dolores harum nam. Officiis eos iste dolor. Tempora omnis natus quae eum quo esse.', '1', '2017-11-14 17:00:31', '2017-11-14 17:00:31', '0');
INSERT INTO `posts` VALUES ('19', 'Maiores dolorum necessitatibus cumque architecto id ducimus.', 'Iusto soluta aut sit qui vel voluptatibus maxime. Id a rerum repudiandae vel. Atque perspiciatis asperiores voluptas rerum. Sint unde nulla facere qui rerum quis eos. Maiores sequi natus harum dicta eos laudantium. Et et eum facilis ut rerum. Porro numquam nesciunt nulla. Voluptatibus molestiae nulla et consequuntur qui quisquam nisi. Consectetur reiciendis eaque pariatur numquam corporis numquam rerum omnis. Quia blanditiis magni exercitationem ut.', '1', '2017-11-14 17:00:31', '2017-11-14 17:00:31', '0');
INSERT INTO `posts` VALUES ('20', 'Esse perferendis laboriosam possimus et consequatur repudiandae officiis.', 'Dolor reiciendis voluptatem sint quia vitae eveniet aut. Qui aliquam beatae quidem deleniti vel officia. Impedit est accusantium voluptatem iusto et eos dolorem. Id voluptatem incidunt at omnis omnis nulla. Nam sint rerum ratione earum tenetur atque. Commodi qui quibusdam aut inventore. Animi tempora at cum. Reprehenderit consequuntur quas aut. Amet inventore deleniti corrupti id cum accusamus quo suscipit. Doloremque inventore voluptas doloribus qui. Ipsam excepturi quas aspernatur eveniet.', '1', '2017-11-14 17:00:31', '2017-11-14 17:00:31', '0');
INSERT INTO `posts` VALUES ('21', 'Ipsa sed veritatis quia sapiente rerum temporibus cum.', 'Exercitationem sint qui nam impedit explicabo distinctio. Rerum sint quo qui debitis consequatur porro dignissimos. Et incidunt dolore a officiis rerum delectus commodi. Pariatur tempore nam dolores quibusdam illo eaque pariatur. Ut deserunt excepturi consequatur eaque aperiam impedit. Omnis dolores quia doloribus numquam aliquam ab. Doloribus et blanditiis qui velit. Odio quia dolorem est nihil eligendi. Illum ad rerum ut voluptate ut temporibus sequi. Labore officiis qui animi est totam nihil rerum. Voluptatem aut iste aut aliquid eos. Laborum qui recusandae quia sit. Consequatur nesciunt dolorem ipsam odit incidunt numquam expedita.', '1', '2017-11-14 17:00:31', '2017-11-14 17:00:31', '0');
INSERT INTO `posts` VALUES ('22', 'Velit qui illo dolor libero velit ipsam voluptate quibusdam.', 'Iure sed est omnis ut nihil. Incidunt harum reiciendis architecto quidem perferendis velit. Non ut dolorum quo quia sed excepturi et. Eum nemo est officia vel omnis dolorem et. Ea ut repellat voluptatem libero placeat modi fugit. Consectetur inventore cupiditate sint. Sit voluptate autem atque numquam aliquam dolorem eaque. Aperiam laudantium a sequi illo. Porro possimus recusandae delectus quia ipsum aliquid.', '1', '2017-11-14 17:00:31', '2017-11-14 17:00:31', '0');
INSERT INTO `posts` VALUES ('23', '测试仪阿斯顿发送到发送到发', '<p>开始吧阿斯顿发生大发asdfasdfasdfasdf开始吧阿斯顿发生大发asdfasdfasdfasdf开始吧阿斯顿发生大发asdfasdfasdfasdf</p><p>开始吧阿斯顿发生大发asdfasdfasdfasdf开始吧阿斯顿发生大发asdfasdfasdfasdf开始吧阿斯顿发生大发asdfasdfasdfasdf</p><p>开始吧阿斯顿发生大发asdfasdfasdfasdf</p><pre style=\"max-width: 100%;\"><code class=\"php hljs\" codemark=\"1\"><span class=\"hljs-meta\"><!--?php</span-->\r\n<span class=\"hljs-keyword\">echo</span> <span class=\"hljs-string\">\"hello world asfafafdsssssssssssssssssssssssadfasdfasdfasdfasdfasdfasdfasdfssssssssssssssssssssssssss\"</span>;\r\n\r\n<span class=\"hljs-meta\">?&gt;</span></span></code></pre><p><br></p>', '1', '2017-11-15 10:05:54', '2017-11-22 17:39:09', '1');
INSERT INTO `posts` VALUES ('27', '修改测试成功', '<p>阿斯顿发生大发是的发生的发付付<img src=\"http://jianshu.com/storage/5fe388a539c78770add3ac4b2b833bcf/HwovkLq9y49V09QjAhA7SCQXZWwxcRa4Yg1bdhEA.png\" alt=\"kobe\" style=\"max-width: 100%;\" data-bd-imgshare-binded=\"1\"></p><p><br></p>', '1', '2017-11-15 11:30:56', '2017-11-22 17:36:56', '1');
INSERT INTO `posts` VALUES ('30', '秋去，寒凉，冬至', '<p>昨夜风起，微雨寒凉，&nbsp;一帘幽梦，梦回故乡。</p><p>萧萧瑟瑟，凄凄凉凉，几日几夜风和雨，叶落无声又一秋。夜慢慢，天将明，秋已去，冬已至。</p><p>今朝，&nbsp;梦醒时分，推窗。恣意阳光，如潮水般，洒入玻璃窗，室内温馨起来了，光芒敞亮，使人心情开朗。空气里添了几分寒意，不是刺骨般的凉，是沁人心脾的凉。是时候，独自一人，看看风景了。我随手披一件毛衫，轻合木门，缓步，走入了初冬的南国。</p><p>眼前，是一片火红，一片金黄。秋日未凋落的枫叶，红得夺目，未枯萎的银杏，黄得发亮。叶片上的露珠，闪闪发光，晶莹透亮。看惯了北国的雪，再看南国的雨，别有一番格调，一番韵味。早起的老人们，开始锻炼了，舞剑的、练拳的、跳舞的……广场上，他们的身影，与晨光融为一体，伴鸟语、伴花香，为自然添彩，为生活添趣。顺着广场，闲走几步，便遇南湖，南湖水汽迷蒙，凉意浓浓。落叶已铺满水面，鱼游过，晃晃悠悠、翩翩荡漾。</p><p>湖边的亭子里，三三两两看书的文人，几人闲坐石凳，斜倚栏杆，捧一卷书，细细品读。半卷闲愁落花凉，清风过处觅书香。耳畔，是树间一声鸣，身边，是水间一帘梦。冬初至，南国自是不止寒凉，还有秋冬交替的美景。那些红叶、黄叶，残挂枝头的，飘零入土的，皆不尽相同。</p><p>图片发自简书App</p><p>落叶成熟的样子有很多，枫叶梦幻、银杏妖娆。却只有枯叶蝶，不是落叶，胜似落叶，虽是蝴蝶，胜似蝴蝶。在初冬，漫步丛林，偶见一只枯叶蝶，是多么美好的事。它沧桑、浪漫、迷离、入世、脱俗。枯叶蝶是幸运的，又是不幸的。它用各色的伪装迷惑天敌的双目，以求生机，以求保护。</p><p>不过，正是这种优势，这种与生俱来的上苍的恩赐，让它饱受打击。&nbsp;人们艳羡它们的美，惊叹大自然的神奇。寻遍枯叶蝶的足迹，只为一赌真容。枯叶蝶的噩梦，从人们孰知它的天赋异秉开始。</p><p>它们被大量捕获，被研究，被观赏，被制成标本，被玩于鼓掌。大自然创造了如此这般聪明的枯叶蝶，却也酿成了它的悲剧。它的保护色，虽是恩赐，却不是万能。过于完美亦是一种不幸。当枯叶蝶栖息在枯枝上，自由地呼吸着清新的空气时，不知它是否怀念那多姿的身影，摇曳的舞姿；是否会怅然许久，叹息自己悲剧的命运。也许枯叶蝶早就知道自己的保护色定会招致人类的致命之击。却也无奈成为众矢之的，无奈摆脱悲惨命运。</p><p>枯叶蝶用一生的美丽换来今生的平静，不过是想今生谋求生存，却是这种结局。或许，它们曾后悔过。或许，它们是无奈的。初冬偶遇枯叶蝶，于我是幸运，是感慨，于自然，它们是一种幻美的存在。</p><p>图片发自简书App</p><p>沧桑浮世，流年匆匆，我们找不到人生的方向，学不会认输，便只能向前一步，盲目前行，孤独探索。有时也不得不学枯叶蝶去伪装，风雨兼程，在岁月的变迁中，靠着自己的保护色，勇敢前行。尽管眉目传递着岁月的沧桑，但还不时的张望，对那桃源般的心灵乐土，向往着，期待着。即便岁月改变了容颜，却始终改变不了我们那颗向往美好的心。</p><p>绚丽自然界，花朵的娇艳，落叶的芬芳，蝴蝶的美丽，今生来世的爱与遗憾，那是世界的忧伤。花朵只能与叶子相伴，去续写自己的一生，孤独的蝶只能与花朵相伴，去追寻心的方向。有一日，落叶飘零，蝶纷飞，随风漂泊远方，去流浪，也许走过千山万水，也许阅尽世间百态，冬的清冷，也不能阻挡年轻的心，向往花开的地方。也许有一天，放下行囊，追寻一只枯叶蝶的足迹，寻寻觅觅，这世界，总有有属于我们的芬芳。</p><p>有时，人也应如落叶，不仅懂得怎样去爱人，还要懂得怎样去欣赏自己。春季做花朵的衬托，秋季做植物的养料，茂盛之时，飘落之际，从不骄傲、从不寻觅、从不依赖，自由呼吸，自由思考。只想，素心一片，笑对风尘，清浅入梦。有时，孤芳一世，自赏，亦是不错。</p><p>看庭前花开花落，望天边云卷云舒，世事冷暖，一场梦，一场空。随心、真心、留心，生活处处皆美好。不能择一处雅居，修篱种菊、赏景乐事，却可择一种心境，享乐品茗、安度春秋。</p><p>图片发自简书App</p><p>微风、落花、残叶，南国初冬，清冷时分，便忆起词人半世的沧桑和遗憾。纳兰说：人生若只如初见，何事秋风悲画扇。初见最美，但人生哪有不变的初见。有时，遗憾，亦是一种残缺的圆满。内心之窗，于走过漫漫长路后开启，恍惚望见了年华的深处，那初冬斜阳里充满希望的光芒。风雨几度、几多坎坷，人生路漫漫，一路走来，得到了很多，亦失去了很多。时间这副良药，终究会冲淡心中痛苦的执著，无痕、无声、无息，去时匆匆而过。</p><p>一片落叶，一阵清风，</p><p>一湾湖水，一轮骄阳；</p><p>一场夜雨，一场寒，</p><p>一帘残梦，一地殇，</p><p>一声问候，致朋友，</p><p>一份挂念，暖心头。</p><p>愿思念化作一轮明月，</p><p>照亮慢慢长夜，</p><p>牵挂落寞的心，</p><p>浅了岁月之痕，</p><p>淡了别离之伤</p><p>带着彼此祝福，</p><p>幸福快乐生活。</p><p>且敬过往一杯酒，</p><p>愿岁月更温柔。</p><p>2017就要过去，</p><p>天渐寒，心要暖。</p><p>秋已去，冬已至，</p><p>我在南国的初冬里，</p><p>道声：</p><p>朋友，珍重！</p>', '3', '2017-11-17 10:37:30', '2017-11-22 17:30:43', '1');
INSERT INTO `posts` VALUES ('31', '秋，寒凉，冬至，去', '<p>萧萧瑟瑟，凄凄凉凉，几日几夜风和雨，叶落无声又一秋。夜慢慢，天将明，秋已去，冬已至。</p><p>今朝， 梦醒时分，推窗。恣意阳光，如潮水般，洒入玻璃窗，室内温馨起来了，光芒敞亮，使人心情开朗。空气里添了几分寒意，不是刺骨般的凉，是沁人心脾的凉。是时候，独自一人，看看风景了。我随手披一件毛衫，轻合木门，缓步，走入了初冬的南国。</p><p>眼前，是一片火红，一片金黄。秋日未凋落的枫叶，红得夺目，未枯萎的银杏，黄得发亮。叶片上的露珠，闪闪发光，晶莹透亮。看惯了北国的雪，再看南国的雨，别有一番格调，一番韵味。早起的老人们，开始锻炼了，舞剑的、练拳的、跳舞的……广场上，他们的身影，与晨光融为一体，伴鸟语、伴花香，为自然添彩，为生活添趣。顺着广场，闲走几步，便遇南湖，南湖水汽迷蒙，凉意浓浓。落叶已铺满水面，鱼游过，晃晃悠悠、翩翩荡漾。</p><p>湖边的亭子里，三三两两看书的文人，几人闲坐石凳，斜倚栏杆，捧一卷书，细细品读。半卷闲愁落花凉，清风过处觅书香。耳畔，是树间一声鸣，身边，是水间一帘梦。冬初至，南国自是不止寒凉，还有秋冬交替的美景。那些红叶、黄叶，残挂枝头的，飘零入土的，皆不尽相同。</p><p>作者：娟娟新月</p><p>鏈接：http://www.jianshu.com/p/43362635aee2</p><p>來源：簡書</p><p>著作權歸作者所有。商業轉載請聯繫作者獲得授權，非商業轉載請註明出處。</p><p><br></p>', '3', '2017-11-17 11:28:56', '2017-11-22 17:29:04', '1');
INSERT INTO `posts` VALUES ('32', '秋去，寒凉，冬至', '<p>萧萧瑟瑟，凄凄凉凉，几日几夜风和雨，叶落无声又一秋。夜慢慢，天将明，秋已去，冬已至。</p><p>今朝，&nbsp;梦醒时分，推窗。恣意阳光，如潮水般，洒入玻璃窗，室内温馨起来了，光芒敞亮，使人心情开朗。空气里添了几分寒意，不是刺骨般的凉，是沁人心脾的凉。是时候，独自一人，看看风景了。我随手披一件毛衫，轻合木门，缓步，走入了初冬的南国。</p><p>眼前，是一片火红，一片金黄。秋日未凋落的枫叶，红得夺目，未枯萎的银杏，黄得发亮。叶片上的露珠，闪闪发光，晶莹透亮。看惯了北国的雪，再看南国的雨，别有一番格调，一番韵味。早起的老人们，开始锻炼了，舞剑的、练拳的、跳舞的……广场上，他们的身影，与晨光融为一体，伴鸟语、伴花香，为自然添彩，为生活添趣。顺着广场，闲走几步，便遇南湖，南湖水汽迷蒙，凉意浓浓。落叶已铺满水面，鱼游过，晃晃悠悠、翩翩荡漾。</p><p>湖边的亭子里，三三两两看书的文人，几人闲坐石凳，斜倚栏杆，捧一卷书，细细品读。半卷闲愁落花凉，清风过处觅书香。耳畔，是树间一声鸣，身边，是水间一帘梦。冬初至，南国自是不止寒凉，还有秋冬交替的美景。那些红叶、黄叶，残挂枝头的，飘零入土的，皆不尽相同。</p><p>作者：娟娟新月</p><p>鏈接：http://www.jianshu.com/p/43362635aee2</p><p>來源：簡書</p><p>著作權歸作者所有。商業轉載請聯繫作者獲得授權，非商業轉載請註明出處。</p><p><br></p>', '3', '2017-11-17 11:29:14', '2017-11-22 17:27:20', '1');

-- ----------------------------
-- Table structure for `project`
-- ----------------------------
DROP TABLE IF EXISTS `project`;
CREATE TABLE `project` (
  `proid` int(11) NOT NULL AUTO_INCREMENT,
  `proname` varchar(255) DEFAULT NULL,
  `proimg` varchar(64) DEFAULT NULL,
  `probackimg` varchar(64) DEFAULT NULL,
  `prodetail` longtext,
  `wproimg` varchar(64) DEFAULT NULL,
  `wprobackimg` varchar(64) DEFAULT NULL,
  `wprodetail` longtext,
  `video` varchar(64) DEFAULT NULL,
  `time` datetime DEFAULT NULL,
  PRIMARY KEY (`proid`)
) ENGINE=MyISAM AUTO_INCREMENT=66 DEFAULT CHARSET=utf8;

-- ----------------------------
-- Records of project
-- ----------------------------
INSERT INTO `project` VALUES ('36', '伊万家', '58fd9dfd009ff.png', '58fd9e057dbe6.png', '<p style=\"margin-bottom: 15px;\"><img src=\"/ueditor/php/upload/image/20170424/1493019571778918.jpg\" _src=\"/ueditor/php/upload/image/20170424/1493019571778918.jpg\" style=\"\" title=\"1493019571778918.jpg\"></p><p style=\"margin-bottom: 15px;\"><img src=\"/ueditor/php/upload/image/20170424/1493019571132998.jpg\" _src=\"/ueditor/php/upload/image/20170424/1493019571132998.jpg\" style=\"\" title=\"1493019571132998.jpg\"></p><p style=\"margin-bottom: 15px;\"><img src=\"/ueditor/php/upload/image/20170424/1493019571277511.jpg\" _src=\"/ueditor/php/upload/image/20170424/1493019571277511.jpg\" style=\"\" title=\"1493019571277511.jpg\"></p><p style=\"margin-bottom: 15px;\"><img src=\"/ueditor/php/upload/image/20170424/1493019571111912.jpg\" _src=\"/ueditor/php/upload/image/20170424/1493019571111912.jpg\" style=\"\" title=\"1493019571111912.jpg\"></p><p style=\"margin-bottom: 15px;\"><img src=\"/ueditor/php/upload/image/20170424/1493019571258061.jpg\" _src=\"/ueditor/php/upload/image/20170424/1493019571258061.jpg\" style=\"\" title=\"1493019571258061.jpg\"></p><p style=\"margin-bottom: 15px;\"><img src=\"/ueditor/php/upload/image/20170424/1493019571751291.jpg\" _src=\"/ueditor/php/upload/image/20170424/1493019571751291.jpg\" style=\"\" title=\"1493019571751291.jpg\"></p>', '58fd9e183966d.png', '58fd9e183966d.png', '<p style=\"margin-bottom: 15px;\"><img src=\"/ueditor/php/upload/image/20170424/1493019571778918.jpg\" _src=\"/ueditor/php/upload/image/20170424/1493019571778918.jpg\" style=\"\" title=\"1493019571778918.jpg\"></p><p style=\"margin-bottom: 15px;\"><img src=\"/ueditor/php/upload/image/20170424/1493019571132998.jpg\" _src=\"/ueditor/php/upload/image/20170424/1493019571132998.jpg\" style=\"\" title=\"1493019571132998.jpg\"></p><p style=\"margin-bottom: 15px;\"><img src=\"/ueditor/php/upload/image/20170424/1493019571277511.jpg\" _src=\"/ueditor/php/upload/image/20170424/1493019571277511.jpg\" style=\"\" title=\"1493019571277511.jpg\"></p><p style=\"margin-bottom: 15px;\"><img src=\"/ueditor/php/upload/image/20170424/1493019571111912.jpg\" _src=\"/ueditor/php/upload/image/20170424/1493019571111912.jpg\" style=\"\" title=\"1493019571111912.jpg\"></p><p style=\"margin-bottom: 15px;\"><img src=\"/ueditor/php/upload/image/20170424/1493019571258061.jpg\" _src=\"/ueditor/php/upload/image/20170424/1493019571258061.jpg\" style=\"\" title=\"1493019571258061.jpg\"></p><p style=\"margin-bottom: 15px;\"><img src=\"/ueditor/php/upload/image/20170424/1493019571751291.jpg\" _src=\"/ueditor/php/upload/image/20170424/1493019571751291.jpg\" style=\"\" title=\"1493019571751291.jpg\"></p>', null, '2017-04-24 14:41:31');
INSERT INTO `project` VALUES ('37', '月子印象', '58fd9f088a64f.png', '58fd9f0eb3408.png', '<p style=\"margin-bottom: 15px;\"><img src=\"/ueditor/php/upload/image/20170424/1493019546138674.jpg\" _src=\"/ueditor/php/upload/image/20170424/1493019546138674.jpg\" style=\"\" title=\"1493019546138674.jpg\"></p><p style=\"margin-bottom: 15px;\"><img src=\"/ueditor/php/upload/image/20170424/1493019546486775.jpg\" _src=\"/ueditor/php/upload/image/20170424/1493019546486775.jpg\" style=\"\" title=\"1493019546486775.jpg\"></p><p style=\"margin-bottom: 15px;\"><img src=\"/ueditor/php/upload/image/20170424/1493019546244334.jpg\" _src=\"/ueditor/php/upload/image/20170424/1493019546244334.jpg\" style=\"\" title=\"1493019546244334.jpg\"></p><p style=\"margin-bottom: 15px;\"><img src=\"/ueditor/php/upload/image/20170424/1493019546100642.jpg\" _src=\"/ueditor/php/upload/image/20170424/1493019546100642.jpg\" style=\"\" title=\"1493019546100642.jpg\"></p><p style=\"margin-bottom: 15px;\"><img src=\"/ueditor/php/upload/image/20170424/1493019546113715.jpg\" _src=\"/ueditor/php/upload/image/20170424/1493019546113715.jpg\" style=\"\" title=\"1493019546113715.jpg\"></p><p style=\"margin-bottom: 15px;\"><img src=\"/ueditor/php/upload/image/20170424/1493019546895405.jpg\" _src=\"/ueditor/php/upload/image/20170424/1493019546895405.jpg\" style=\"\" title=\"1493019546895405.jpg\"></p><p style=\"margin-bottom: 15px;\"><img src=\"/ueditor/php/upload/image/20170424/1493019546672242.jpg\" _src=\"/ueditor/php/upload/image/20170424/1493019546672242.jpg\" style=\"\" title=\"1493019546672242.jpg\"></p><p style=\"margin-bottom: 15px;\"><img src=\"/ueditor/php/upload/image/20170424/1493019547107540.jpg\" _src=\"/ueditor/php/upload/image/20170424/1493019547107540.jpg\" style=\"\" title=\"1493019547107540.jpg\"></p><p>​<br></p>', '58fd9f1a2a72e.png', '58fd9f1a2a72e.png', '<p style=\"margin-bottom: 15px;\"><img src=\"/ueditor/php/upload/image/20170424/1493019546138674.jpg\" _src=\"/ueditor/php/upload/image/20170424/1493019546138674.jpg\" style=\"\" title=\"1493019546138674.jpg\"></p><p style=\"margin-bottom: 15px;\"><img src=\"/ueditor/php/upload/image/20170424/1493019546486775.jpg\" _src=\"/ueditor/php/upload/image/20170424/1493019546486775.jpg\" style=\"\" title=\"1493019546486775.jpg\"></p><p style=\"margin-bottom: 15px;\"><img src=\"/ueditor/php/upload/image/20170424/1493019546244334.jpg\" _src=\"/ueditor/php/upload/image/20170424/1493019546244334.jpg\" style=\"\" title=\"1493019546244334.jpg\"></p><p style=\"margin-bottom: 15px;\"><img src=\"/ueditor/php/upload/image/20170424/1493019546100642.jpg\" _src=\"/ueditor/php/upload/image/20170424/1493019546100642.jpg\" style=\"\" title=\"1493019546100642.jpg\"></p><p style=\"margin-bottom: 15px;\"><img src=\"/ueditor/php/upload/image/20170424/1493019546113715.jpg\" _src=\"/ueditor/php/upload/image/20170424/1493019546113715.jpg\" style=\"\" title=\"1493019546113715.jpg\"></p><p style=\"margin-bottom: 15px;\"><img src=\"/ueditor/php/upload/image/20170424/1493019546895405.jpg\" _src=\"/ueditor/php/upload/image/20170424/1493019546895405.jpg\" style=\"\" title=\"1493019546895405.jpg\"></p><p style=\"margin-bottom: 15px;\"><img src=\"/ueditor/php/upload/image/20170424/1493019546672242.jpg\" _src=\"/ueditor/php/upload/image/20170424/1493019546672242.jpg\" style=\"\" title=\"1493019546672242.jpg\"></p><p style=\"margin-bottom: 15px;\"><img src=\"/ueditor/php/upload/image/20170424/1493019547107540.jpg\" _src=\"/ueditor/php/upload/image/20170424/1493019547107540.jpg\" style=\"\" title=\"1493019547107540.jpg\"></p><p>​<br></p>', null, '2017-04-24 14:45:49');
INSERT INTO `project` VALUES ('38', '道康', '58fd9fe86e83c.png', '58fd9ff17ff9b.png', '<p style=\"margin-bottom: 15px;\"><img src=\"/ueditor/php/upload/image/20170424/1493019518330484.jpg\" _src=\"/ueditor/php/upload/image/20170424/1493019518330484.jpg\" style=\"\" title=\"1493019518330484.jpg\"></p><p style=\"margin-bottom: 15px;\"><img src=\"/ueditor/php/upload/image/20170424/1493019518897729.jpg\" _src=\"/ueditor/php/upload/image/20170424/1493019518897729.jpg\" style=\"\" title=\"1493019518897729.jpg\"></p><p style=\"margin-bottom: 15px;\"><img src=\"/ueditor/php/upload/image/20170424/1493019519872168.jpg\" _src=\"/ueditor/php/upload/image/20170424/1493019519872168.jpg\" style=\"\" title=\"1493019519872168.jpg\"></p><p style=\"margin-bottom: 15px;\"><img src=\"/ueditor/php/upload/image/20170424/1493019519830513.jpg\" _src=\"/ueditor/php/upload/image/20170424/1493019519830513.jpg\" style=\"\" title=\"1493019519830513.jpg\"></p><p style=\"margin-bottom: 15px;\"><img src=\"/ueditor/php/upload/image/20170424/1493019519213695.jpg\" _src=\"/ueditor/php/upload/image/20170424/1493019519213695.jpg\" style=\"\" title=\"1493019519213695.jpg\"></p><p style=\"margin-bottom: 15px;\"><img src=\"/ueditor/php/upload/image/20170424/1493019519551839.jpg\" _src=\"/ueditor/php/upload/image/20170424/1493019519551839.jpg\" style=\"\" title=\"1493019519551839.jpg\"></p><p style=\"margin-bottom: 15px;\"><img src=\"/ueditor/php/upload/image/20170424/1493019519113827.jpg\" _src=\"/ueditor/php/upload/image/20170424/1493019519113827.jpg\" style=\"\" title=\"1493019519113827.jpg\"></p><p style=\"margin-bottom: 15px;\"><img src=\"/ueditor/php/upload/image/20170424/1493019519201991.jpg\" _src=\"/ueditor/php/upload/image/20170424/1493019519201991.jpg\" style=\"\" title=\"1493019519201991.jpg\"></p><p style=\"margin-bottom: 15px;\"><img src=\"/ueditor/php/upload/image/20170424/1493019519140946.jpg\" _src=\"/ueditor/php/upload/image/20170424/1493019519140946.jpg\" style=\"\" title=\"1493019519140946.jpg\"></p><p style=\"margin-bottom: 15px;\"><img src=\"/ueditor/php/upload/image/20170424/1493019519966838.jpg\" _src=\"/ueditor/php/upload/image/20170424/1493019519966838.jpg\" style=\"\" title=\"1493019519966838.jpg\"></p><p>​<br></p>', '58fd9ffe0e230.png', '58fd9ffe0e230.png', '<p style=\"margin-bottom: 15px;\"><img src=\"/ueditor/php/upload/image/20170424/1493019518330484.jpg\" _src=\"/ueditor/php/upload/image/20170424/1493019518330484.jpg\" style=\"\" title=\"1493019518330484.jpg\"></p><p style=\"margin-bottom: 15px;\"><img src=\"/ueditor/php/upload/image/20170424/1493019518897729.jpg\" _src=\"/ueditor/php/upload/image/20170424/1493019518897729.jpg\" style=\"\" title=\"1493019518897729.jpg\"></p><p style=\"margin-bottom: 15px;\"><img src=\"/ueditor/php/upload/image/20170424/1493019519872168.jpg\" _src=\"/ueditor/php/upload/image/20170424/1493019519872168.jpg\" style=\"\" title=\"1493019519872168.jpg\"></p><p style=\"margin-bottom: 15px;\"><img src=\"/ueditor/php/upload/image/20170424/1493019519830513.jpg\" _src=\"/ueditor/php/upload/image/20170424/1493019519830513.jpg\" style=\"\" title=\"1493019519830513.jpg\"></p><p style=\"margin-bottom: 15px;\"><img src=\"/ueditor/php/upload/image/20170424/1493019519213695.jpg\" _src=\"/ueditor/php/upload/image/20170424/1493019519213695.jpg\" style=\"\" title=\"1493019519213695.jpg\"></p><p style=\"margin-bottom: 15px;\"><img src=\"/ueditor/php/upload/image/20170424/1493019519551839.jpg\" _src=\"/ueditor/php/upload/image/20170424/1493019519551839.jpg\" style=\"\" title=\"1493019519551839.jpg\"></p><p style=\"margin-bottom: 15px;\"><img src=\"/ueditor/php/upload/image/20170424/1493019519113827.jpg\" _src=\"/ueditor/php/upload/image/20170424/1493019519113827.jpg\" style=\"\" title=\"1493019519113827.jpg\"></p><p style=\"margin-bottom: 15px;\"><img src=\"/ueditor/php/upload/image/20170424/1493019519201991.jpg\" _src=\"/ueditor/php/upload/image/20170424/1493019519201991.jpg\" style=\"\" title=\"1493019519201991.jpg\"></p><p style=\"margin-bottom: 15px;\"><img src=\"/ueditor/php/upload/image/20170424/1493019519140946.jpg\" _src=\"/ueditor/php/upload/image/20170424/1493019519140946.jpg\" style=\"\" title=\"1493019519140946.jpg\"></p><p style=\"margin-bottom: 15px;\"><img src=\"/ueditor/php/upload/image/20170424/1493019519966838.jpg\" _src=\"/ueditor/php/upload/image/20170424/1493019519966838.jpg\" style=\"\" title=\"1493019519966838.jpg\"></p><p>​<br></p>', null, '2017-04-24 14:49:36');
INSERT INTO `project` VALUES ('39', '众拓光电', '58fda024b5ab5.png', '58fda029967cc.png', '<p style=\"margin-bottom: 15px;\"><img src=\"/ueditor/php/upload/image/20170424/1493019472512508.jpg\" _src=\"/ueditor/php/upload/image/20170424/1493019472512508.jpg\" style=\"\" title=\"1493019472512508.jpg\"></p><p style=\"margin-bottom: 15px;\"><img src=\"/ueditor/php/upload/image/20170424/1493019472128875.jpg\" _src=\"/ueditor/php/upload/image/20170424/1493019472128875.jpg\" style=\"\" title=\"1493019472128875.jpg\"></p><p style=\"margin-bottom: 15px;\"><img src=\"/ueditor/php/upload/image/20170424/1493019472137034.jpg\" _src=\"/ueditor/php/upload/image/20170424/1493019472137034.jpg\" style=\"\" title=\"1493019472137034.jpg\"></p><p style=\"margin-bottom: 15px;\"><img src=\"/ueditor/php/upload/image/20170424/1493019473842648.jpg\" _src=\"/ueditor/php/upload/image/20170424/1493019473842648.jpg\" style=\"\" title=\"1493019473842648.jpg\"></p><p style=\"margin-bottom: 15px;\"><img src=\"/ueditor/php/upload/image/20170424/1493019473751980.jpg\" _src=\"/ueditor/php/upload/image/20170424/1493019473751980.jpg\" style=\"\" title=\"1493019473751980.jpg\"></p><p style=\"margin-bottom: 15px;\"><img src=\"/ueditor/php/upload/image/20170424/1493019473103461.jpg\" _src=\"/ueditor/php/upload/image/20170424/1493019473103461.jpg\" style=\"\" title=\"1493019473103461.jpg\"></p><p style=\"margin-bottom: 15px;\"><img src=\"/ueditor/php/upload/image/20170424/1493019473728958.jpg\" _src=\"/ueditor/php/upload/image/20170424/1493019473728958.jpg\" style=\"\" title=\"1493019473728958.jpg\"></p><p style=\"margin-bottom: 15px;\"><img src=\"/ueditor/php/upload/image/20170424/1493019473110131.jpg\" _src=\"/ueditor/php/upload/image/20170424/1493019473110131.jpg\" style=\"\" title=\"1493019473110131.jpg\"></p><p style=\"margin-bottom: 15px;\"><img src=\"/ueditor/php/upload/image/20170424/1493019473134263.jpg\" _src=\"/ueditor/php/upload/image/20170424/1493019473134263.jpg\" style=\"\" title=\"1493019473134263.jpg\"></p><p style=\"margin-bottom: 15px;\"><img src=\"/ueditor/php/upload/image/20170424/1493019473556745.jpg\" _src=\"/ueditor/php/upload/image/20170424/1493019473556745.jpg\" style=\"\" title=\"1493019473556745.jpg\"></p><p>​<br></p>', '58fda034a2d94.png', '58fda034a2d94.png', '<p style=\"margin-bottom: 15px;\"><img src=\"/ueditor/php/upload/image/20170424/1493019472512508.jpg\" _src=\"/ueditor/php/upload/image/20170424/1493019472512508.jpg\" style=\"\" title=\"1493019472512508.jpg\"></p><p style=\"margin-bottom: 15px;\"><img src=\"/ueditor/php/upload/image/20170424/1493019472128875.jpg\" _src=\"/ueditor/php/upload/image/20170424/1493019472128875.jpg\" style=\"\" title=\"1493019472128875.jpg\"></p><p style=\"margin-bottom: 15px;\"><img src=\"/ueditor/php/upload/image/20170424/1493019472137034.jpg\" _src=\"/ueditor/php/upload/image/20170424/1493019472137034.jpg\" style=\"\" title=\"1493019472137034.jpg\"></p><p style=\"margin-bottom: 15px;\"><img src=\"/ueditor/php/upload/image/20170424/1493019473842648.jpg\" _src=\"/ueditor/php/upload/image/20170424/1493019473842648.jpg\" style=\"\" title=\"1493019473842648.jpg\"></p><p style=\"margin-bottom: 15px;\"><img src=\"/ueditor/php/upload/image/20170424/1493019473751980.jpg\" _src=\"/ueditor/php/upload/image/20170424/1493019473751980.jpg\" style=\"\" title=\"1493019473751980.jpg\"></p><p style=\"margin-bottom: 15px;\"><img src=\"/ueditor/php/upload/image/20170424/1493019473103461.jpg\" _src=\"/ueditor/php/upload/image/20170424/1493019473103461.jpg\" style=\"\" title=\"1493019473103461.jpg\"></p><p style=\"margin-bottom: 15px;\"><img src=\"/ueditor/php/upload/image/20170424/1493019473728958.jpg\" _src=\"/ueditor/php/upload/image/20170424/1493019473728958.jpg\" style=\"\" title=\"1493019473728958.jpg\"></p><p style=\"margin-bottom: 15px;\"><img src=\"/ueditor/php/upload/image/20170424/1493019473110131.jpg\" _src=\"/ueditor/php/upload/image/20170424/1493019473110131.jpg\" style=\"\" title=\"1493019473110131.jpg\"></p><p style=\"margin-bottom: 15px;\"><img src=\"/ueditor/php/upload/image/20170424/1493019473134263.jpg\" _src=\"/ueditor/php/upload/image/20170424/1493019473134263.jpg\" style=\"\" title=\"1493019473134263.jpg\"></p><p style=\"margin-bottom: 15px;\"><img src=\"/ueditor/php/upload/image/20170424/1493019473556745.jpg\" _src=\"/ueditor/php/upload/image/20170424/1493019473556745.jpg\" style=\"\" title=\"1493019473556745.jpg\"></p><p>​<br></p>', null, '2017-04-24 14:50:31');
INSERT INTO `project` VALUES ('40', '百家鲜', '58fda05e9a66c.png', '58fda063f29c7.png', '<p style=\"margin-bottom: 15px;\"><img src=\"/ueditor/php/upload/image/20170424/1493019441640312.jpg\" _src=\"/ueditor/php/upload/image/20170424/1493019441640312.jpg\" style=\"\" title=\"1493019441640312.jpg\"></p><p style=\"margin-bottom: 15px;\"><img src=\"/ueditor/php/upload/image/20170424/1493019441273251.jpg\" _src=\"/ueditor/php/upload/image/20170424/1493019441273251.jpg\" style=\"\" title=\"1493019441273251.jpg\"></p><p style=\"margin-bottom: 15px;\"><img src=\"/ueditor/php/upload/image/20170424/1493019441517586.jpg\" _src=\"/ueditor/php/upload/image/20170424/1493019441517586.jpg\" style=\"\" title=\"1493019441517586.jpg\"></p><p style=\"margin-bottom: 15px;\"><img src=\"/ueditor/php/upload/image/20170424/1493019441127623.jpg\" _src=\"/ueditor/php/upload/image/20170424/1493019441127623.jpg\" style=\"\" title=\"1493019441127623.jpg\"></p><p style=\"margin-bottom: 15px;\"><img src=\"/ueditor/php/upload/image/20170424/1493019441692983.jpg\" _src=\"/ueditor/php/upload/image/20170424/1493019441692983.jpg\" style=\"\" title=\"1493019441692983.jpg\"></p><p style=\"margin-bottom: 15px;\"><img src=\"/ueditor/php/upload/image/20170424/1493019441127399.jpg\" _src=\"/ueditor/php/upload/image/20170424/1493019441127399.jpg\" style=\"\" title=\"1493019441127399.jpg\"></p><p style=\"margin-bottom: 15px;\"><img src=\"/ueditor/php/upload/image/20170424/1493019441107493.jpg\" _src=\"/ueditor/php/upload/image/20170424/1493019441107493.jpg\" style=\"\" title=\"1493019441107493.jpg\"></p><p style=\"margin-bottom: 15px;\"><img src=\"/ueditor/php/upload/image/20170424/1493019441398732.jpg\" _src=\"/ueditor/php/upload/image/20170424/1493019441398732.jpg\" style=\"\" title=\"1493019441398732.jpg\"></p><p>​<br></p>', '58fda06fa07fa.png', '58fda06fa07fa.png', '<p style=\"margin-bottom: 15px;\"><img src=\"/ueditor/php/upload/image/20170424/1493019441640312.jpg\" _src=\"/ueditor/php/upload/image/20170424/1493019441640312.jpg\" style=\"\" title=\"1493019441640312.jpg\"></p><p style=\"margin-bottom: 15px;\"><img src=\"/ueditor/php/upload/image/20170424/1493019441273251.jpg\" _src=\"/ueditor/php/upload/image/20170424/1493019441273251.jpg\" style=\"\" title=\"1493019441273251.jpg\"></p><p style=\"margin-bottom: 15px;\"><img src=\"/ueditor/php/upload/image/20170424/1493019441517586.jpg\" _src=\"/ueditor/php/upload/image/20170424/1493019441517586.jpg\" style=\"\" title=\"1493019441517586.jpg\"></p><p style=\"margin-bottom: 15px;\"><img src=\"/ueditor/php/upload/image/20170424/1493019441127623.jpg\" _src=\"/ueditor/php/upload/image/20170424/1493019441127623.jpg\" style=\"\" title=\"1493019441127623.jpg\"></p><p style=\"margin-bottom: 15px;\"><img src=\"/ueditor/php/upload/image/20170424/1493019441692983.jpg\" _src=\"/ueditor/php/upload/image/20170424/1493019441692983.jpg\" style=\"\" title=\"1493019441692983.jpg\"></p><p style=\"margin-bottom: 15px;\"><img src=\"/ueditor/php/upload/image/20170424/1493019441127399.jpg\" _src=\"/ueditor/php/upload/image/20170424/1493019441127399.jpg\" style=\"\" title=\"1493019441127399.jpg\"></p><p style=\"margin-bottom: 15px;\"><img src=\"/ueditor/php/upload/image/20170424/1493019441107493.jpg\" _src=\"/ueditor/php/upload/image/20170424/1493019441107493.jpg\" style=\"\" title=\"1493019441107493.jpg\"></p><p style=\"margin-bottom: 15px;\"><img src=\"/ueditor/php/upload/image/20170424/1493019441398732.jpg\" _src=\"/ueditor/php/upload/image/20170424/1493019441398732.jpg\" style=\"\" title=\"1493019441398732.jpg\"></p><p>​<br></p>', null, '2017-04-24 14:51:29');
INSERT INTO `project` VALUES ('41', '鑫峰', '58fda08b34baa.png', '58fda09172187.png', '<p style=\"margin-bottom: 15px;\"><img src=\"/ueditor/php/upload/image/20170424/1493019386701891.jpg\" _src=\"/ueditor/php/upload/image/20170424/1493019386701891.jpg\" style=\"\" title=\"1493019386701891.jpg\"></p><p style=\"margin-bottom: 15px;\"><img src=\"/ueditor/php/upload/image/20170424/1493019386865326.jpg\" _src=\"/ueditor/php/upload/image/20170424/1493019386865326.jpg\" style=\"\" title=\"1493019386865326.jpg\"></p><p style=\"margin-bottom: 15px;\"><img src=\"/ueditor/php/upload/image/20170424/1493019386356087.jpg\" _src=\"/ueditor/php/upload/image/20170424/1493019386356087.jpg\" style=\"\" title=\"1493019386356087.jpg\"></p><p style=\"margin-bottom: 15px;\"><img src=\"/ueditor/php/upload/image/20170424/1493019386777024.jpg\" _src=\"/ueditor/php/upload/image/20170424/1493019386777024.jpg\" style=\"\" title=\"1493019386777024.jpg\"></p><p style=\"margin-bottom: 15px;\"><img src=\"/ueditor/php/upload/image/20170424/1493019386121930.jpg\" _src=\"/ueditor/php/upload/image/20170424/1493019386121930.jpg\" style=\"\" title=\"1493019386121930.jpg\"></p><p style=\"margin-bottom: 15px;\"><img src=\"/ueditor/php/upload/image/20170424/1493019386730034.jpg\" _src=\"/ueditor/php/upload/image/20170424/1493019386730034.jpg\" style=\"\" title=\"1493019386730034.jpg\"></p><p style=\"margin-bottom: 15px;\"><img src=\"/ueditor/php/upload/image/20170424/1493019386779864.jpg\" _src=\"/ueditor/php/upload/image/20170424/1493019386779864.jpg\" style=\"\" title=\"1493019386779864.jpg\"></p><p style=\"margin-bottom: 15px;\"><img src=\"/ueditor/php/upload/image/20170424/1493019386771129.jpg\" _src=\"/ueditor/php/upload/image/20170424/1493019386771129.jpg\" style=\"\" title=\"1493019386771129.jpg\"></p><p style=\"margin-bottom: 15px;\"><img src=\"/ueditor/php/upload/image/20170424/1493019386680289.jpg\" _src=\"/ueditor/php/upload/image/20170424/1493019386680289.jpg\" style=\"\" title=\"1493019386680289.jpg\"></p>', '58fda09b1bcdf.png', '58fda09b1bcdf.png', '<p style=\"margin-bottom: 15px;\"><img src=\"/ueditor/php/upload/image/20170424/1493019386701891.jpg\" _src=\"/ueditor/php/upload/image/20170424/1493019386701891.jpg\" style=\"\" title=\"1493019386701891.jpg\"></p><p style=\"margin-bottom: 15px;\"><img src=\"/ueditor/php/upload/image/20170424/1493019386865326.jpg\" _src=\"/ueditor/php/upload/image/20170424/1493019386865326.jpg\" style=\"\" title=\"1493019386865326.jpg\"></p><p style=\"margin-bottom: 15px;\"><img src=\"/ueditor/php/upload/image/20170424/1493019386356087.jpg\" _src=\"/ueditor/php/upload/image/20170424/1493019386356087.jpg\" style=\"\" title=\"1493019386356087.jpg\"></p><p style=\"margin-bottom: 15px;\"><img src=\"/ueditor/php/upload/image/20170424/1493019386777024.jpg\" _src=\"/ueditor/php/upload/image/20170424/1493019386777024.jpg\" style=\"\" title=\"1493019386777024.jpg\"></p><p style=\"margin-bottom: 15px;\"><img src=\"/ueditor/php/upload/image/20170424/1493019386121930.jpg\" _src=\"/ueditor/php/upload/image/20170424/1493019386121930.jpg\" style=\"\" title=\"1493019386121930.jpg\"></p><p style=\"margin-bottom: 15px;\"><img src=\"/ueditor/php/upload/image/20170424/1493019386730034.jpg\" _src=\"/ueditor/php/upload/image/20170424/1493019386730034.jpg\" style=\"\" title=\"1493019386730034.jpg\"></p><p style=\"margin-bottom: 15px;\"><img src=\"/ueditor/php/upload/image/20170424/1493019386779864.jpg\" _src=\"/ueditor/php/upload/image/20170424/1493019386779864.jpg\" style=\"\" title=\"1493019386779864.jpg\"></p><p style=\"margin-bottom: 15px;\"><img src=\"/ueditor/php/upload/image/20170424/1493019386771129.jpg\" _src=\"/ueditor/php/upload/image/20170424/1493019386771129.jpg\" style=\"\" title=\"1493019386771129.jpg\"></p><p style=\"margin-bottom: 15px;\"><img src=\"/ueditor/php/upload/image/20170424/1493019386680289.jpg\" _src=\"/ueditor/php/upload/image/20170424/1493019386680289.jpg\" style=\"\" title=\"1493019386680289.jpg\"></p>', null, '2017-04-24 14:52:19');
INSERT INTO `project` VALUES ('42', '化橘红', '58fda0ce38d6b.png', '58fda0d31ec8b.png', '<p style=\"margin-bottom: 15px;\"><img src=\"/ueditor/php/upload/image/20170424/1493019343111370.jpg\" _src=\"/ueditor/php/upload/image/20170424/1493019343111370.jpg\" style=\"\" title=\"1493019343111370.jpg\"></p><p style=\"margin-bottom: 15px;\"><img src=\"/ueditor/php/upload/image/20170424/1493019343131883.jpg\" _src=\"/ueditor/php/upload/image/20170424/1493019343131883.jpg\" style=\"\" title=\"1493019343131883.jpg\"></p><p style=\"margin-bottom: 15px;\"><img src=\"/ueditor/php/upload/image/20170424/1493019343261590.jpg\" _src=\"/ueditor/php/upload/image/20170424/1493019343261590.jpg\" style=\"\" title=\"1493019343261590.jpg\"></p><p style=\"margin-bottom: 15px;\"><img src=\"/ueditor/php/upload/image/20170424/1493019343106813.jpg\" _src=\"/ueditor/php/upload/image/20170424/1493019343106813.jpg\" style=\"\" title=\"1493019343106813.jpg\"></p><p style=\"margin-bottom: 15px;\"><img src=\"/ueditor/php/upload/image/20170424/1493019343637085.jpg\" _src=\"/ueditor/php/upload/image/20170424/1493019343637085.jpg\" style=\"\" title=\"1493019343637085.jpg\"></p><p style=\"margin-bottom: 15px;\"><img src=\"/ueditor/php/upload/image/20170424/1493019343962707.jpg\" _src=\"/ueditor/php/upload/image/20170424/1493019343962707.jpg\" style=\"\" title=\"1493019343962707.jpg\"></p><p style=\"margin-bottom: 15px;\"><img src=\"/ueditor/php/upload/image/20170424/1493019343124323.jpg\" _src=\"/ueditor/php/upload/image/20170424/1493019343124323.jpg\" style=\"\" title=\"1493019343124323.jpg\"></p><p style=\"margin-bottom: 15px;\"><img src=\"/ueditor/php/upload/image/20170424/1493019343247949.jpg\" _src=\"/ueditor/php/upload/image/20170424/1493019343247949.jpg\" style=\"\" title=\"1493019343247949.jpg\"></p><p style=\"margin-bottom: 15px;\"><img src=\"/ueditor/php/upload/image/20170424/1493019343333969.jpg\" _src=\"/ueditor/php/upload/image/20170424/1493019343333969.jpg\" style=\"\" title=\"1493019343333969.jpg\"></p>', '58fda0dc5cecc.png', '58fda0dc5cecc.png', '<p style=\"margin-bottom: 15px;\"><img src=\"/ueditor/php/upload/image/20170424/1493019343111370.jpg\" _src=\"/ueditor/php/upload/image/20170424/1493019343111370.jpg\" style=\"\" title=\"1493019343111370.jpg\"></p><p style=\"margin-bottom: 15px;\"><img src=\"/ueditor/php/upload/image/20170424/1493019343131883.jpg\" _src=\"/ueditor/php/upload/image/20170424/1493019343131883.jpg\" style=\"\" title=\"1493019343131883.jpg\"></p><p style=\"margin-bottom: 15px;\"><img src=\"/ueditor/php/upload/image/20170424/1493019343261590.jpg\" _src=\"/ueditor/php/upload/image/20170424/1493019343261590.jpg\" style=\"\" title=\"1493019343261590.jpg\"></p><p style=\"margin-bottom: 15px;\"><img src=\"/ueditor/php/upload/image/20170424/1493019343106813.jpg\" _src=\"/ueditor/php/upload/image/20170424/1493019343106813.jpg\" style=\"\" title=\"1493019343106813.jpg\"></p><p style=\"margin-bottom: 15px;\"><img src=\"/ueditor/php/upload/image/20170424/1493019343637085.jpg\" _src=\"/ueditor/php/upload/image/20170424/1493019343637085.jpg\" style=\"\" title=\"1493019343637085.jpg\"></p><p style=\"margin-bottom: 15px;\"><img src=\"/ueditor/php/upload/image/20170424/1493019343962707.jpg\" _src=\"/ueditor/php/upload/image/20170424/1493019343962707.jpg\" style=\"\" title=\"1493019343962707.jpg\"></p><p style=\"margin-bottom: 15px;\"><img src=\"/ueditor/php/upload/image/20170424/1493019343124323.jpg\" _src=\"/ueditor/php/upload/image/20170424/1493019343124323.jpg\" style=\"\" title=\"1493019343124323.jpg\"></p><p style=\"margin-bottom: 15px;\"><img src=\"/ueditor/php/upload/image/20170424/1493019343247949.jpg\" _src=\"/ueditor/php/upload/image/20170424/1493019343247949.jpg\" style=\"\" title=\"1493019343247949.jpg\"></p><p style=\"margin-bottom: 15px;\"><img src=\"/ueditor/php/upload/image/20170424/1493019343333969.jpg\" _src=\"/ueditor/php/upload/image/20170424/1493019343333969.jpg\" style=\"\" title=\"1493019343333969.jpg\"></p>', null, '2017-04-24 14:53:18');
INSERT INTO `project` VALUES ('43', '三强维力', '58fda0fc56c79.png', '58fda1006c13b.png', '<p style=\"margin-bottom: 15px;\"><img src=\"/ueditor/php/upload/image/20170424/1493019289110905.jpg\" _src=\"/ueditor/php/upload/image/20170424/1493019289110905.jpg\" style=\"\" title=\"1493019289110905.jpg\"></p><p style=\"margin-bottom: 15px;\"><img src=\"/ueditor/php/upload/image/20170424/1493019289173676.jpg\" _src=\"/ueditor/php/upload/image/20170424/1493019289173676.jpg\" style=\"\" title=\"1493019289173676.jpg\"></p><p style=\"margin-bottom: 15px;\"><img src=\"/ueditor/php/upload/image/20170424/1493019290129861.jpg\" _src=\"/ueditor/php/upload/image/20170424/1493019290129861.jpg\" style=\"\" title=\"1493019290129861.jpg\"></p><p style=\"margin-bottom: 15px;\"><img src=\"/ueditor/php/upload/image/20170424/1493019290110367.jpg\" _src=\"/ueditor/php/upload/image/20170424/1493019290110367.jpg\" style=\"\" title=\"1493019290110367.jpg\"></p><p style=\"margin-bottom: 15px;\"><img src=\"/ueditor/php/upload/image/20170424/1493019290127180.jpg\" _src=\"/ueditor/php/upload/image/20170424/1493019290127180.jpg\" style=\"\" title=\"1493019290127180.jpg\"></p><p style=\"margin-bottom: 15px;\"><img src=\"/ueditor/php/upload/image/20170424/1493019290156205.jpg\" _src=\"/ueditor/php/upload/image/20170424/1493019290156205.jpg\" style=\"\" title=\"1493019290156205.jpg\"></p><p style=\"margin-bottom: 15px;\"><img src=\"/ueditor/php/upload/image/20170424/1493019290337756.jpg\" _src=\"/ueditor/php/upload/image/20170424/1493019290337756.jpg\" style=\"\" title=\"1493019290337756.jpg\"></p><p style=\"margin-bottom: 15px;\"><img src=\"/ueditor/php/upload/image/20170424/1493019290572107.jpg\" _src=\"/ueditor/php/upload/image/20170424/1493019290572107.jpg\" style=\"\" title=\"1493019290572107.jpg\"></p><p style=\"margin-bottom: 15px;\"><img src=\"/ueditor/php/upload/image/20170424/1493019290213265.jpg\" _src=\"/ueditor/php/upload/image/20170424/1493019290213265.jpg\" style=\"\" title=\"1493019290213265.jpg\"></p><p style=\"margin-bottom: 15px;\"><img src=\"/ueditor/php/upload/image/20170424/1493019290923246.jpg\" _src=\"/ueditor/php/upload/image/20170424/1493019290923246.jpg\" style=\"\" title=\"1493019290923246.jpg\"></p><p style=\"margin-bottom: 15px;\"><img src=\"/ueditor/php/upload/image/20170424/1493019290457384.jpg\" _src=\"/ueditor/php/upload/image/20170424/1493019290457384.jpg\" style=\"\" title=\"1493019290457384.jpg\"></p>', '58fda10951587.png', '58fda10951587.png', '<p style=\"margin-bottom: 15px;\"><img src=\"/ueditor/php/upload/image/20170424/1493019289110905.jpg\" _src=\"/ueditor/php/upload/image/20170424/1493019289110905.jpg\" style=\"\" title=\"1493019289110905.jpg\"></p><p style=\"margin-bottom: 15px;\"><img src=\"/ueditor/php/upload/image/20170424/1493019289173676.jpg\" _src=\"/ueditor/php/upload/image/20170424/1493019289173676.jpg\" style=\"\" title=\"1493019289173676.jpg\"></p><p style=\"margin-bottom: 15px;\"><img src=\"/ueditor/php/upload/image/20170424/1493019290129861.jpg\" _src=\"/ueditor/php/upload/image/20170424/1493019290129861.jpg\" style=\"\" title=\"1493019290129861.jpg\"></p><p style=\"margin-bottom: 15px;\"><img src=\"/ueditor/php/upload/image/20170424/1493019290110367.jpg\" _src=\"/ueditor/php/upload/image/20170424/1493019290110367.jpg\" style=\"\" title=\"1493019290110367.jpg\"></p><p style=\"margin-bottom: 15px;\"><img src=\"/ueditor/php/upload/image/20170424/1493019290127180.jpg\" _src=\"/ueditor/php/upload/image/20170424/1493019290127180.jpg\" style=\"\" title=\"1493019290127180.jpg\"></p><p style=\"margin-bottom: 15px;\"><img src=\"/ueditor/php/upload/image/20170424/1493019290156205.jpg\" _src=\"/ueditor/php/upload/image/20170424/1493019290156205.jpg\" style=\"\" title=\"1493019290156205.jpg\"></p><p style=\"margin-bottom: 15px;\"><img src=\"/ueditor/php/upload/image/20170424/1493019290337756.jpg\" _src=\"/ueditor/php/upload/image/20170424/1493019290337756.jpg\" style=\"\" title=\"1493019290337756.jpg\"></p><p style=\"margin-bottom: 15px;\"><img src=\"/ueditor/php/upload/image/20170424/1493019290572107.jpg\" _src=\"/ueditor/php/upload/image/20170424/1493019290572107.jpg\" style=\"\" title=\"1493019290572107.jpg\"></p><p style=\"margin-bottom: 15px;\"><img src=\"/ueditor/php/upload/image/20170424/1493019290213265.jpg\" _src=\"/ueditor/php/upload/image/20170424/1493019290213265.jpg\" style=\"\" title=\"1493019290213265.jpg\"></p><p style=\"margin-bottom: 15px;\"><img src=\"/ueditor/php/upload/image/20170424/1493019290923246.jpg\" _src=\"/ueditor/php/upload/image/20170424/1493019290923246.jpg\" style=\"\" title=\"1493019290923246.jpg\"></p><p style=\"margin-bottom: 15px;\"><img src=\"/ueditor/php/upload/image/20170424/1493019290457384.jpg\" _src=\"/ueditor/php/upload/image/20170424/1493019290457384.jpg\" style=\"\" title=\"1493019290457384.jpg\"></p>', null, '2017-04-24 14:54:03');
INSERT INTO `project` VALUES ('44', '力衡', '58fda11b22b82.png', '58fda120b5482.png', '<p style=\"margin-bottom: 15px;\"><img src=\"/ueditor/php/upload/image/20170424/1493019245115290.jpg\" _src=\"/ueditor/php/upload/image/20170424/1493019245115290.jpg\" style=\"\" title=\"1493019245115290.jpg\"></p><p style=\"margin-bottom: 15px;\"><img src=\"/ueditor/php/upload/image/20170424/1493019245485140.jpg\" _src=\"/ueditor/php/upload/image/20170424/1493019245485140.jpg\" style=\"\" title=\"1493019245485140.jpg\"></p><p style=\"margin-bottom: 15px;\"><img src=\"/ueditor/php/upload/image/20170424/1493019245790063.jpg\" _src=\"/ueditor/php/upload/image/20170424/1493019245790063.jpg\" style=\"\" title=\"1493019245790063.jpg\"></p><p style=\"margin-bottom: 15px;\"><img src=\"/ueditor/php/upload/image/20170424/1493019245469218.jpg\" _src=\"/ueditor/php/upload/image/20170424/1493019245469218.jpg\" style=\"\" title=\"1493019245469218.jpg\"></p><p style=\"margin-bottom: 15px;\"><img src=\"/ueditor/php/upload/image/20170424/1493019245140498.jpg\" _src=\"/ueditor/php/upload/image/20170424/1493019245140498.jpg\" style=\"\" title=\"1493019245140498.jpg\"></p><p style=\"margin-bottom: 15px;\"><img src=\"/ueditor/php/upload/image/20170424/1493019245139724.jpg\" _src=\"/ueditor/php/upload/image/20170424/1493019245139724.jpg\" style=\"\" title=\"1493019245139724.jpg\"></p><p style=\"margin-bottom: 15px;\"><img src=\"/ueditor/php/upload/image/20170424/1493019245116874.jpg\" _src=\"/ueditor/php/upload/image/20170424/1493019245116874.jpg\" style=\"\" title=\"1493019245116874.jpg\"></p><p style=\"margin-bottom: 15px;\"><img src=\"/ueditor/php/upload/image/20170424/1493019245972346.jpg\" _src=\"/ueditor/php/upload/image/20170424/1493019245972346.jpg\" style=\"\" title=\"1493019245972346.jpg\"></p><p style=\"margin-bottom: 15px;\"><img src=\"/ueditor/php/upload/image/20170424/1493019245113862.jpg\" _src=\"/ueditor/php/upload/image/20170424/1493019245113862.jpg\" style=\"\" title=\"1493019245113862.jpg\"></p><p>​<br></p>', '58fda129ad1b3.png', '58fda129ad1b3.png', '<p style=\"margin-bottom: 15px;\"><img src=\"/ueditor/php/upload/image/20170424/1493019245115290.jpg\" _src=\"/ueditor/php/upload/image/20170424/1493019245115290.jpg\" style=\"\" title=\"1493019245115290.jpg\"></p><p style=\"margin-bottom: 15px;\"><img src=\"/ueditor/php/upload/image/20170424/1493019245485140.jpg\" _src=\"/ueditor/php/upload/image/20170424/1493019245485140.jpg\" style=\"\" title=\"1493019245485140.jpg\"></p><p style=\"margin-bottom: 15px;\"><img src=\"/ueditor/php/upload/image/20170424/1493019245790063.jpg\" _src=\"/ueditor/php/upload/image/20170424/1493019245790063.jpg\" style=\"\" title=\"1493019245790063.jpg\"></p><p style=\"margin-bottom: 15px;\"><img src=\"/ueditor/php/upload/image/20170424/1493019245469218.jpg\" _src=\"/ueditor/php/upload/image/20170424/1493019245469218.jpg\" style=\"\" title=\"1493019245469218.jpg\"></p><p style=\"margin-bottom: 15px;\"><img src=\"/ueditor/php/upload/image/20170424/1493019245140498.jpg\" _src=\"/ueditor/php/upload/image/20170424/1493019245140498.jpg\" style=\"\" title=\"1493019245140498.jpg\"></p><p style=\"margin-bottom: 15px;\"><img src=\"/ueditor/php/upload/image/20170424/1493019245139724.jpg\" _src=\"/ueditor/php/upload/image/20170424/1493019245139724.jpg\" style=\"\" title=\"1493019245139724.jpg\"></p><p style=\"margin-bottom: 15px;\"><img src=\"/ueditor/php/upload/image/20170424/1493019245116874.jpg\" _src=\"/ueditor/php/upload/image/20170424/1493019245116874.jpg\" style=\"\" title=\"1493019245116874.jpg\"></p><p style=\"margin-bottom: 15px;\"><img src=\"/ueditor/php/upload/image/20170424/1493019245972346.jpg\" _src=\"/ueditor/php/upload/image/20170424/1493019245972346.jpg\" style=\"\" title=\"1493019245972346.jpg\"></p><p style=\"margin-bottom: 15px;\"><img src=\"/ueditor/php/upload/image/20170424/1493019245113862.jpg\" _src=\"/ueditor/php/upload/image/20170424/1493019245113862.jpg\" style=\"\" title=\"1493019245113862.jpg\"></p><p>​<br></p>', null, '2017-04-24 14:54:36');
INSERT INTO `project` VALUES ('45', '宝扇园', '58fda1552f3fa.png', '58fda15aa5bbc.png', '<p style=\"margin-bottom: 15px;\"><img src=\"/ueditor/php/upload/image/20170424/1493019202230349.jpg\" _src=\"/ueditor/php/upload/image/20170424/1493019202230349.jpg\" style=\"\" title=\"1493019202230349.jpg\"></p><p style=\"margin-bottom: 15px;\"><img src=\"/ueditor/php/upload/image/20170424/1493019202185122.jpg\" _src=\"/ueditor/php/upload/image/20170424/1493019202185122.jpg\" style=\"\" title=\"1493019202185122.jpg\"></p><p style=\"margin-bottom: 15px;\"><img src=\"/ueditor/php/upload/image/20170424/1493019202113448.jpg\" _src=\"/ueditor/php/upload/image/20170424/1493019202113448.jpg\" style=\"\" title=\"1493019202113448.jpg\"></p><p style=\"margin-bottom: 15px;\"><img src=\"/ueditor/php/upload/image/20170424/1493019202118810.jpg\" _src=\"/ueditor/php/upload/image/20170424/1493019202118810.jpg\" style=\"\" title=\"1493019202118810.jpg\"></p><p style=\"margin-bottom: 15px;\"><img src=\"/ueditor/php/upload/image/20170424/1493019202130988.jpg\" _src=\"/ueditor/php/upload/image/20170424/1493019202130988.jpg\" style=\"\" title=\"1493019202130988.jpg\"></p><p style=\"margin-bottom: 15px;\"><img src=\"/ueditor/php/upload/image/20170424/1493019202118586.jpg\" _src=\"/ueditor/php/upload/image/20170424/1493019202118586.jpg\" style=\"\" title=\"1493019202118586.jpg\"></p><p style=\"margin-bottom: 15px;\"><img src=\"/ueditor/php/upload/image/20170424/1493019202281772.jpg\" _src=\"/ueditor/php/upload/image/20170424/1493019202281772.jpg\" style=\"\" title=\"1493019202281772.jpg\"></p><p style=\"margin-bottom: 15px;\"><img src=\"/ueditor/php/upload/image/20170424/1493019202310603.jpg\" _src=\"/ueditor/php/upload/image/20170424/1493019202310603.jpg\" style=\"\" title=\"1493019202310603.jpg\"></p><p style=\"margin-bottom: 15px;\"><img src=\"/ueditor/php/upload/image/20170424/1493019202649952.jpg\" _src=\"/ueditor/php/upload/image/20170424/1493019202649952.jpg\" style=\"\" title=\"1493019202649952.jpg\"></p><p style=\"margin-bottom: 15px;\"><img src=\"/ueditor/php/upload/image/20170424/1493019202926000.jpg\" _src=\"/ueditor/php/upload/image/20170424/1493019202926000.jpg\" style=\"\" title=\"1493019202926000.jpg\"></p><p style=\"margin-bottom: 15px;\"><img src=\"/ueditor/php/upload/image/20170424/1493019202361768.jpg\" _src=\"/ueditor/php/upload/image/20170424/1493019202361768.jpg\" style=\"\" title=\"1493019202361768.jpg\"></p><p style=\"margin-bottom: 15px;\"><img src=\"/ueditor/php/upload/image/20170424/1493019202809599.jpg\" _src=\"/ueditor/php/upload/image/20170424/1493019202809599.jpg\" style=\"\" title=\"1493019202809599.jpg\"></p><p>​<br></p>', '58fda163dbd14.png', '58fda163dbd14.png', '<p style=\"margin-bottom: 15px;\"><img src=\"/ueditor/php/upload/image/20170424/1493019202230349.jpg\" _src=\"/ueditor/php/upload/image/20170424/1493019202230349.jpg\" style=\"\" title=\"1493019202230349.jpg\"></p><p style=\"margin-bottom: 15px;\"><img src=\"/ueditor/php/upload/image/20170424/1493019202185122.jpg\" _src=\"/ueditor/php/upload/image/20170424/1493019202185122.jpg\" style=\"\" title=\"1493019202185122.jpg\"></p><p style=\"margin-bottom: 15px;\"><img src=\"/ueditor/php/upload/image/20170424/1493019202113448.jpg\" _src=\"/ueditor/php/upload/image/20170424/1493019202113448.jpg\" style=\"\" title=\"1493019202113448.jpg\"></p><p style=\"margin-bottom: 15px;\"><img src=\"/ueditor/php/upload/image/20170424/1493019202118810.jpg\" _src=\"/ueditor/php/upload/image/20170424/1493019202118810.jpg\" style=\"\" title=\"1493019202118810.jpg\"></p><p style=\"margin-bottom: 15px;\"><img src=\"/ueditor/php/upload/image/20170424/1493019202130988.jpg\" _src=\"/ueditor/php/upload/image/20170424/1493019202130988.jpg\" style=\"\" title=\"1493019202130988.jpg\"></p><p style=\"margin-bottom: 15px;\"><img src=\"/ueditor/php/upload/image/20170424/1493019202118586.jpg\" _src=\"/ueditor/php/upload/image/20170424/1493019202118586.jpg\" style=\"\" title=\"1493019202118586.jpg\"></p><p style=\"margin-bottom: 15px;\"><img src=\"/ueditor/php/upload/image/20170424/1493019202281772.jpg\" _src=\"/ueditor/php/upload/image/20170424/1493019202281772.jpg\" style=\"\" title=\"1493019202281772.jpg\"></p><p style=\"margin-bottom: 15px;\"><img src=\"/ueditor/php/upload/image/20170424/1493019202310603.jpg\" _src=\"/ueditor/php/upload/image/20170424/1493019202310603.jpg\" style=\"\" title=\"1493019202310603.jpg\"></p><p style=\"margin-bottom: 15px;\"><img src=\"/ueditor/php/upload/image/20170424/1493019202649952.jpg\" _src=\"/ueditor/php/upload/image/20170424/1493019202649952.jpg\" style=\"\" title=\"1493019202649952.jpg\"></p><p style=\"margin-bottom: 15px;\"><img src=\"/ueditor/php/upload/image/20170424/1493019202926000.jpg\" _src=\"/ueditor/php/upload/image/20170424/1493019202926000.jpg\" style=\"\" title=\"1493019202926000.jpg\"></p><p style=\"margin-bottom: 15px;\"><img src=\"/ueditor/php/upload/image/20170424/1493019202361768.jpg\" _src=\"/ueditor/php/upload/image/20170424/1493019202361768.jpg\" style=\"\" title=\"1493019202361768.jpg\"></p><p style=\"margin-bottom: 15px;\"><img src=\"/ueditor/php/upload/image/20170424/1493019202809599.jpg\" _src=\"/ueditor/php/upload/image/20170424/1493019202809599.jpg\" style=\"\" title=\"1493019202809599.jpg\"></p><p>​<br></p>', null, '2017-04-24 14:55:34');
INSERT INTO `project` VALUES ('46', '九蜂堂', '58fda31c3f5e7.png', '58fda3214684e.png', '<p style=\"margin-bottom: 15px;\"><img src=\"/ueditor/php/upload/image/20170424/1493019089104799.jpg\" _src=\"/ueditor/php/upload/image/20170424/1493019089104799.jpg\" style=\"\" title=\"1493019089104799.jpg\"></p><p style=\"margin-bottom: 15px;\"><img src=\"/ueditor/php/upload/image/20170424/1493019089170061.jpg\" _src=\"/ueditor/php/upload/image/20170424/1493019089170061.jpg\" style=\"\" title=\"1493019089170061.jpg\"></p><p style=\"margin-bottom: 15px;\"><img src=\"/ueditor/php/upload/image/20170424/1493019089830943.jpg\" _src=\"/ueditor/php/upload/image/20170424/1493019089830943.jpg\" style=\"\" title=\"1493019089830943.jpg\"></p><p style=\"margin-bottom: 15px;\"><img src=\"/ueditor/php/upload/image/20170424/1493019089557519.jpg\" _src=\"/ueditor/php/upload/image/20170424/1493019089557519.jpg\" style=\"\" title=\"1493019089557519.jpg\"></p><p style=\"margin-bottom: 15px;\"><img src=\"/ueditor/php/upload/image/20170424/1493019089534024.jpg\" _src=\"/ueditor/php/upload/image/20170424/1493019089534024.jpg\" style=\"\" title=\"1493019089534024.jpg\"></p><p style=\"margin-bottom: 15px;\"><img src=\"/ueditor/php/upload/image/20170424/1493019089101933.jpg\" _src=\"/ueditor/php/upload/image/20170424/1493019089101933.jpg\" style=\"\" title=\"1493019089101933.jpg\"></p><p style=\"margin-bottom: 15px;\"><img src=\"/ueditor/php/upload/image/20170424/1493019090994464.jpg\" _src=\"/ueditor/php/upload/image/20170424/1493019090994464.jpg\" style=\"\" title=\"1493019090994464.jpg\"></p><p style=\"margin-bottom: 15px;\"><img src=\"/ueditor/php/upload/image/20170424/1493019090597152.jpg\" _src=\"/ueditor/php/upload/image/20170424/1493019090597152.jpg\" style=\"\" title=\"1493019090597152.jpg\"></p><p style=\"margin-bottom: 15px;\"><img src=\"/ueditor/php/upload/image/20170424/1493019090630157.jpg\" _src=\"/ueditor/php/upload/image/20170424/1493019090630157.jpg\" style=\"\" title=\"1493019090630157.jpg\"></p><p style=\"margin-bottom: 15px;\"><img src=\"/ueditor/php/upload/image/20170424/1493019090575377.jpg\" _src=\"/ueditor/php/upload/image/20170424/1493019090575377.jpg\" style=\"\" title=\"1493019090575377.jpg\"></p><p style=\"margin-bottom: 15px;\"><img src=\"/ueditor/php/upload/image/20170424/1493019090934392.jpg\" _src=\"/ueditor/php/upload/image/20170424/1493019090934392.jpg\" style=\"\" title=\"1493019090934392.jpg\"></p><p style=\"margin-bottom: 15px;\"><img src=\"/ueditor/php/upload/image/20170424/1493019090761662.jpg\" _src=\"/ueditor/php/upload/image/20170424/1493019090761662.jpg\" style=\"\" title=\"1493019090761662.jpg\"></p><p style=\"margin-bottom: 15px;\"><img src=\"/ueditor/php/upload/image/20170424/1493019090579724.jpg\" _src=\"/ueditor/php/upload/image/20170424/1493019090579724.jpg\" style=\"\" title=\"1493019090579724.jpg\"></p><p style=\"margin-bottom: 15px;\"><img src=\"/ueditor/php/upload/image/20170424/1493019090981425.jpg\" _src=\"/ueditor/php/upload/image/20170424/1493019090981425.jpg\" style=\"\" title=\"1493019090981425.jpg\"></p><p style=\"margin-bottom: 15px;\"><img src=\"/ueditor/php/upload/image/20170424/1493019090119103.jpg\" _src=\"/ueditor/php/upload/image/20170424/1493019090119103.jpg\" style=\"\" title=\"1493019090119103.jpg\"></p><p style=\"margin-bottom: 15px;\"><img src=\"/ueditor/php/upload/image/20170424/1493019090131010.jpg\" _src=\"/ueditor/php/upload/image/20170424/1493019090131010.jpg\" style=\"\" title=\"1493019090131010.jpg\"></p><p style=\"margin-bottom: 15px;\"><img src=\"/ueditor/php/upload/image/20170424/1493019090135274.jpg\" _src=\"/ueditor/php/upload/image/20170424/1493019090135274.jpg\" style=\"\" title=\"1493019090135274.jpg\"></p><p style=\"margin-bottom: 15px;\"><img src=\"/ueditor/php/upload/image/20170424/1493019090123049.jpg\" _src=\"/ueditor/php/upload/image/20170424/1493019090123049.jpg\" style=\"\" title=\"1493019090123049.jpg\"></p><p style=\"margin-bottom: 15px;\"><img src=\"/ueditor/php/upload/image/20170424/1493019090486517.jpg\" _src=\"/ueditor/php/upload/image/20170424/1493019090486517.jpg\" style=\"\" title=\"1493019090486517.jpg\"></p><p>​<br></p>', '58fda32a9504b.png', '58fda32a9504b.png', '<p style=\"margin-bottom: 20px;\"><img src=\"/ueditor/php/upload/image/20170426/1493174626339692.jpg\" _src=\"/ueditor/php/upload/image/20170426/1493174626339692.jpg\" style=\"\" title=\"1493174626339692.jpg\"></p><p style=\"margin-bottom: 20px;\"><img src=\"/ueditor/php/upload/image/20170426/1493174626132486.jpg\" _src=\"/ueditor/php/upload/image/20170426/1493174626132486.jpg\" style=\"\" title=\"1493174626132486.jpg\"></p><p style=\"margin-bottom: 20px;\"><img src=\"/ueditor/php/upload/image/20170426/1493174626907540.jpg\" _src=\"/ueditor/php/upload/image/20170426/1493174626907540.jpg\" style=\"\" title=\"1493174626907540.jpg\"></p><p style=\"margin-bottom: 20px;\"><img src=\"/ueditor/php/upload/image/20170426/1493174626932929.jpg\" _src=\"/ueditor/php/upload/image/20170426/1493174626932929.jpg\" style=\"\" title=\"1493174626932929.jpg\"></p><p style=\"margin-bottom: 20px;\"><img src=\"/ueditor/php/upload/image/20170426/1493174626558294.jpg\" _src=\"/ueditor/php/upload/image/20170426/1493174626558294.jpg\" style=\"\" title=\"1493174626558294.jpg\"></p><p style=\"margin-bottom: 20px;\"><img src=\"/ueditor/php/upload/image/20170426/1493174627130644.jpg\" _src=\"/ueditor/php/upload/image/20170426/1493174627130644.jpg\" style=\"\" title=\"1493174627130644.jpg\"></p><p style=\"margin-bottom: 20px;\"><img src=\"/ueditor/php/upload/image/20170426/1493174627834214.jpg\" _src=\"/ueditor/php/upload/image/20170426/1493174627834214.jpg\" style=\"\" title=\"1493174627834214.jpg\"></p><p style=\"margin-bottom: 20px;\"><img src=\"/ueditor/php/upload/image/20170426/1493174627107751.jpg\" _src=\"/ueditor/php/upload/image/20170426/1493174627107751.jpg\" style=\"\" title=\"1493174627107751.jpg\"></p><p style=\"margin-bottom: 20px;\"><img src=\"/ueditor/php/upload/image/20170426/1493174627116246.jpg\" _src=\"/ueditor/php/upload/image/20170426/1493174627116246.jpg\" style=\"\" title=\"1493174627116246.jpg\"></p><p style=\"margin-bottom: 20px;\"><img src=\"/ueditor/php/upload/image/20170426/1493174627134896.jpg\" _src=\"/ueditor/php/upload/image/20170426/1493174627134896.jpg\" style=\"\" title=\"1493174627134896.jpg\"></p><p style=\"margin-bottom: 20px;\"><img src=\"/ueditor/php/upload/image/20170426/1493174627790493.jpg\" _src=\"/ueditor/php/upload/image/20170426/1493174627790493.jpg\" style=\"\" title=\"1493174627790493.jpg\"></p><p style=\"margin-bottom: 20px;\"><img src=\"/ueditor/php/upload/image/20170426/1493174627493101.jpg\" _src=\"/ueditor/php/upload/image/20170426/1493174627493101.jpg\" style=\"\" title=\"1493174627493101.jpg\"></p><p style=\"margin-bottom: 20px;\"><img src=\"/ueditor/php/upload/image/20170426/1493174627265161.jpg\" _src=\"/ueditor/php/upload/image/20170426/1493174627265161.jpg\" style=\"\" title=\"1493174627265161.jpg\"></p><p style=\"margin-bottom: 20px;\"><img src=\"/ueditor/php/upload/image/20170426/1493174627628608.jpg\" _src=\"/ueditor/php/upload/image/20170426/1493174627628608.jpg\" style=\"\" title=\"1493174627628608.jpg\"></p><p style=\"margin-bottom: 20px;\"><img src=\"/ueditor/php/upload/image/20170426/1493174627710239.jpg\" _src=\"/ueditor/php/upload/image/20170426/1493174627710239.jpg\" style=\"\" title=\"1493174627710239.jpg\"></p><p style=\"margin-bottom: 20px;\"><img src=\"/ueditor/php/upload/image/20170426/1493174627331086.jpg\" _src=\"/ueditor/php/upload/image/20170426/1493174627331086.jpg\" style=\"\" title=\"1493174627331086.jpg\"></p><p style=\"margin-bottom: 20px;\"><img src=\"/ueditor/php/upload/image/20170426/1493174627813817.jpg\" _src=\"/ueditor/php/upload/image/20170426/1493174627813817.jpg\" style=\"\" title=\"1493174627813817.jpg\"></p><p style=\"margin-bottom: 20px;\"><img src=\"/ueditor/php/upload/image/20170426/1493174627904657.jpg\" _src=\"/ueditor/php/upload/image/20170426/1493174627904657.jpg\" style=\"\" title=\"1493174627904657.jpg\"></p><p style=\"margin-bottom: 20px;\"><img src=\"/ueditor/php/upload/image/20170426/1493174627949969.jpg\" _src=\"/ueditor/php/upload/image/20170426/1493174627949969.jpg\" style=\"\" title=\"1493174627949969.jpg\"></p><p><br></p>', null, '2017-04-24 15:03:08');
INSERT INTO `project` VALUES ('47', '太阳语', '58fda340d9336.png', '58fda3447b805.png', '<p style=\"margin-bottom: 15px;\"><img src=\"/ueditor/php/upload/image/20170424/1493018653636569.jpg\" title=\"1493018653636569.jpg\" _src=\"/ueditor/php/upload/image/20170424/1493018653636569.jpg\" alt=\"D-36.jpg\"></p><p style=\"margin-bottom: 15px;\"><img src=\"/ueditor/php/upload/image/20170424/1493018593319080.jpg\" _src=\"/ueditor/php/upload/image/20170424/1493018593319080.jpg\" style=\"\" title=\"1493018593319080.jpg\"></p><p style=\"margin-bottom: 15px;\"><img src=\"/ueditor/php/upload/image/20170424/1493018593140985.jpg\" _src=\"/ueditor/php/upload/image/20170424/1493018593140985.jpg\" style=\"\" title=\"1493018593140985.jpg\"></p><p style=\"margin-bottom: 15px;\"><img src=\"/ueditor/php/upload/image/20170424/1493018593624563.jpg\" _src=\"/ueditor/php/upload/image/20170424/1493018593624563.jpg\" style=\"\" title=\"1493018593624563.jpg\"></p><p style=\"margin-bottom: 15px;\"><img src=\"/ueditor/php/upload/image/20170424/1493018593152031.jpg\" _src=\"/ueditor/php/upload/image/20170424/1493018593152031.jpg\" style=\"\" title=\"1493018593152031.jpg\"></p><p style=\"margin-bottom: 15px;\"><img src=\"/ueditor/php/upload/image/20170424/1493018593203153.jpg\" _src=\"/ueditor/php/upload/image/20170424/1493018593203153.jpg\" style=\"\" title=\"1493018593203153.jpg\"></p><p style=\"margin-bottom: 15px;\"><img src=\"/ueditor/php/upload/image/20170424/1493018593118423.jpg\" _src=\"/ueditor/php/upload/image/20170424/1493018593118423.jpg\" style=\"\" title=\"1493018593118423.jpg\"></p><p style=\"margin-bottom: 15px;\"><img src=\"/ueditor/php/upload/image/20170424/1493018593193599.jpg\" _src=\"/ueditor/php/upload/image/20170424/1493018593193599.jpg\" style=\"\" title=\"1493018593193599.jpg\"></p><p style=\"margin-bottom: 15px;\"><img src=\"/ueditor/php/upload/image/20170424/1493018593506656.jpg\" _src=\"/ueditor/php/upload/image/20170424/1493018593506656.jpg\" style=\"\" title=\"1493018593506656.jpg\"></p><p style=\"margin-bottom: 15px;\"><img src=\"/ueditor/php/upload/image/20170424/1493018593701418.jpg\" _src=\"/ueditor/php/upload/image/20170424/1493018593701418.jpg\" style=\"\" title=\"1493018593701418.jpg\"></p><p><br></p>', '58fda34b511db.png', '58fda34b511db.png', '<p style=\"margin-bottom: 20px;\"><img src=\"/ueditor/php/upload/image/20170426/1493174554924752.jpg\" _src=\"/ueditor/php/upload/image/20170426/1493174554924752.jpg\" style=\"\" title=\"1493174554924752.jpg\"></p><p style=\"margin-bottom: 20px;\"><img src=\"/ueditor/php/upload/image/20170426/1493174554814290.jpg\" _src=\"/ueditor/php/upload/image/20170426/1493174554814290.jpg\" style=\"\" title=\"1493174554814290.jpg\"></p><p style=\"margin-bottom: 20px;\"><img src=\"/ueditor/php/upload/image/20170426/1493174554769795.jpg\" _src=\"/ueditor/php/upload/image/20170426/1493174554769795.jpg\" style=\"\" title=\"1493174554769795.jpg\"></p><p style=\"margin-bottom: 20px;\"><img src=\"/ueditor/php/upload/image/20170426/1493174554283966.jpg\" _src=\"/ueditor/php/upload/image/20170426/1493174554283966.jpg\" style=\"\" title=\"1493174554283966.jpg\"></p><p style=\"margin-bottom: 20px;\"><img src=\"/ueditor/php/upload/image/20170426/1493174554104778.jpg\" _src=\"/ueditor/php/upload/image/20170426/1493174554104778.jpg\" style=\"\" title=\"1493174554104778.jpg\"></p><p style=\"margin-bottom: 20px;\"><img src=\"/ueditor/php/upload/image/20170426/1493174555125437.jpg\" _src=\"/ueditor/php/upload/image/20170426/1493174555125437.jpg\" style=\"\" title=\"1493174555125437.jpg\"></p><p style=\"margin-bottom: 20px;\"><img src=\"/ueditor/php/upload/image/20170426/1493174555882366.jpg\" _src=\"/ueditor/php/upload/image/20170426/1493174555882366.jpg\" style=\"\" title=\"1493174555882366.jpg\"></p><p style=\"margin-bottom: 20px;\"><img src=\"/ueditor/php/upload/image/20170426/1493174555135218.jpg\" _src=\"/ueditor/php/upload/image/20170426/1493174555135218.jpg\" style=\"\" title=\"1493174555135218.jpg\"></p><p style=\"margin-bottom: 20px;\"><img src=\"/ueditor/php/upload/image/20170426/1493174555934521.jpg\" _src=\"/ueditor/php/upload/image/20170426/1493174555934521.jpg\" style=\"\" title=\"1493174555934521.jpg\"></p><p style=\"margin-bottom: 20px;\"><img src=\"/ueditor/php/upload/image/20170426/1493174555424723.jpg\" _src=\"/ueditor/php/upload/image/20170426/1493174555424723.jpg\" style=\"\" title=\"1493174555424723.jpg\"></p><p>​<br></p>', null, '2017-04-24 15:03:41');
INSERT INTO `project` VALUES ('48', '中联能源', '58fda35c9ec02.png', '58fda36066681.png', '<p style=\"margin-bottom: 15px;\"><img src=\"/ueditor/php/upload/image/20170424/1493018479682527.jpg\" title=\"1493018479682527.jpg\" _src=\"/ueditor/php/upload/image/20170424/1493018479682527.jpg\" alt=\"C-27.jpg\"></p><p style=\"margin-bottom: 15px;\"><img src=\"/ueditor/php/upload/image/20170424/1493018484107936.jpg\" title=\"1493018484107936.jpg\" _src=\"/ueditor/php/upload/image/20170424/1493018484107936.jpg\" alt=\"C-28.jpg\"></p><p style=\"margin-bottom: 15px;\"><img src=\"/ueditor/php/upload/image/20170424/1493018488753959.jpg\" title=\"1493018488753959.jpg\" _src=\"/ueditor/php/upload/image/20170424/1493018488753959.jpg\" alt=\"C-29.jpg\"></p><p style=\"margin-bottom: 15px;\"><img src=\"/ueditor/php/upload/image/20170424/1493018494383800.jpg\" title=\"1493018494383800.jpg\" _src=\"/ueditor/php/upload/image/20170424/1493018494383800.jpg\" alt=\"C-30.jpg\"></p><p style=\"margin-bottom: 15px;\"><img src=\"/ueditor/php/upload/image/20170424/1493018500602315.jpg\" title=\"1493018500602315.jpg\" _src=\"/ueditor/php/upload/image/20170424/1493018500602315.jpg\" alt=\"C-31.jpg\"></p><p style=\"margin-bottom: 15px;\"><img src=\"/ueditor/php/upload/image/20170424/1493018504236287.jpg\" title=\"1493018504236287.jpg\" _src=\"/ueditor/php/upload/image/20170424/1493018504236287.jpg\" alt=\"C-32.jpg\"></p><p style=\"margin-bottom: 15px;\"><img src=\"/ueditor/php/upload/image/20170424/1493018525240246.jpg\" title=\"1493018525240246.jpg\" _src=\"/ueditor/php/upload/image/20170424/1493018525240246.jpg\" alt=\"C-34.jpg\"></p><p style=\"margin-bottom: 15px;\"><img src=\"/ueditor/php/upload/image/20170424/1493018531158572.jpg\" title=\"1493018531158572.jpg\" _src=\"/ueditor/php/upload/image/20170424/1493018531158572.jpg\" alt=\"C-35.jpg\"></p>', '58fda368c6f59.png', '58fda368c6f59.png', '<p style=\"margin-bottom: 20px;\"><img src=\"/ueditor/php/upload/image/20170426/1493174510994593.jpg\" _src=\"/ueditor/php/upload/image/20170426/1493174510994593.jpg\" style=\"\" title=\"1493174510994593.jpg\"></p><p style=\"margin-bottom: 20px;\"><img src=\"/ueditor/php/upload/image/20170426/1493174510929056.jpg\" _src=\"/ueditor/php/upload/image/20170426/1493174510929056.jpg\" style=\"\" title=\"1493174510929056.jpg\"></p><p style=\"margin-bottom: 20px;\"><img src=\"/ueditor/php/upload/image/20170426/1493174510903538.jpg\" _src=\"/ueditor/php/upload/image/20170426/1493174510903538.jpg\" style=\"\" title=\"1493174510903538.jpg\"></p><p style=\"margin-bottom: 20px;\"><img src=\"/ueditor/php/upload/image/20170426/1493174510666949.jpg\" _src=\"/ueditor/php/upload/image/20170426/1493174510666949.jpg\" style=\"\" title=\"1493174510666949.jpg\"></p><p style=\"margin-bottom: 20px;\"><img src=\"/ueditor/php/upload/image/20170426/1493174511104696.jpg\" _src=\"/ueditor/php/upload/image/20170426/1493174511104696.jpg\" style=\"\" title=\"1493174511104696.jpg\"></p><p style=\"margin-bottom: 20px;\"><img src=\"/ueditor/php/upload/image/20170426/1493174511246787.jpg\" _src=\"/ueditor/php/upload/image/20170426/1493174511246787.jpg\" style=\"\" title=\"1493174511246787.jpg\"></p><p style=\"margin-bottom: 20px;\"><img src=\"/ueditor/php/upload/image/20170426/1493174511669101.jpg\" _src=\"/ueditor/php/upload/image/20170426/1493174511669101.jpg\" style=\"\" title=\"1493174511669101.jpg\"></p><p style=\"margin-bottom: 20px;\"><img src=\"/ueditor/php/upload/image/20170426/1493174511550935.jpg\" _src=\"/ueditor/php/upload/image/20170426/1493174511550935.jpg\" style=\"\" title=\"1493174511550935.jpg\"></p><p style=\"margin-bottom: 20px;\"><img src=\"/ueditor/php/upload/image/20170426/1493174511954444.jpg\" _src=\"/ueditor/php/upload/image/20170426/1493174511954444.jpg\" style=\"\" title=\"1493174511954444.jpg\"></p><p>​<br></p>', null, '2017-04-24 15:04:11');
INSERT INTO `project` VALUES ('49', '康美时代', '58fda37a6a6e9.png', '58fda37d9e7a9.png', '<p style=\"margin-bottom: 15px;\"><img src=\"/ueditor/php/upload/image/20170424/1493018347507344.jpg\" title=\"1493018347507344.jpg\" _src=\"/ueditor/php/upload/image/20170424/1493018347507344.jpg\" alt=\"b-14.jpg\"></p><p style=\"margin-bottom: 15px;\"><img src=\"/ueditor/php/upload/image/20170424/1493018351112622.jpg\" title=\"1493018351112622.jpg\" _src=\"/ueditor/php/upload/image/20170424/1493018351112622.jpg\" alt=\"b-15.jpg\"></p><p style=\"margin-bottom: 15px;\"><img src=\"/ueditor/php/upload/image/20170424/1493018358320586.jpg\" title=\"1493018358320586.jpg\" _src=\"/ueditor/php/upload/image/20170424/1493018358320586.jpg\" alt=\"B-16.jpg\"></p><p style=\"margin-bottom: 15px;\"><img src=\"/ueditor/php/upload/image/20170424/1493018364464398.jpg\" title=\"1493018364464398.jpg\" _src=\"/ueditor/php/upload/image/20170424/1493018364464398.jpg\" alt=\"b-17.jpg\"></p><p style=\"margin-bottom: 15px;\"><img src=\"/ueditor/php/upload/image/20170424/1493018369124370.jpg\" title=\"1493018369124370.jpg\" _src=\"/ueditor/php/upload/image/20170424/1493018369124370.jpg\" alt=\"b-18.jpg\"></p><p style=\"margin-bottom: 15px;\"><img src=\"/ueditor/php/upload/image/20170424/1493018375714155.jpg\" title=\"1493018375714155.jpg\" _src=\"/ueditor/php/upload/image/20170424/1493018375714155.jpg\" alt=\"b-19.jpg\"></p><p style=\"margin-bottom: 15px;\"><img src=\"/ueditor/php/upload/image/20170424/1493018385588760.jpg\" title=\"1493018385588760.jpg\" _src=\"/ueditor/php/upload/image/20170424/1493018385588760.jpg\" alt=\"b-20.jpg\"></p><p style=\"margin-bottom: 15px;\"><img src=\"/ueditor/php/upload/image/20170424/1493018392245109.jpg\" title=\"1493018392245109.jpg\" _src=\"/ueditor/php/upload/image/20170424/1493018392245109.jpg\" alt=\"b-21.jpg\"></p><p style=\"margin-bottom: 15px;\"><img src=\"/ueditor/php/upload/image/20170424/1493018397603047.jpg\" title=\"1493018397603047.jpg\" _src=\"/ueditor/php/upload/image/20170424/1493018397603047.jpg\" alt=\"b-22.jpg\"></p><p style=\"margin-bottom: 15px;\"><img src=\"/ueditor/php/upload/image/20170424/1493018404952035.jpg\" title=\"1493018404952035.jpg\" _src=\"/ueditor/php/upload/image/20170424/1493018404952035.jpg\" alt=\"b-23.jpg\"></p><p style=\"margin-bottom: 15px;\"><img src=\"/ueditor/php/upload/image/20170424/1493018411869242.jpg\" title=\"1493018411869242.jpg\" _src=\"/ueditor/php/upload/image/20170424/1493018411869242.jpg\" alt=\"b-24.jpg\"></p><p style=\"margin-bottom: 15px;\"><img src=\"/ueditor/php/upload/image/20170424/1493018419120454.jpg\" title=\"1493018419120454.jpg\" _src=\"/ueditor/php/upload/image/20170424/1493018419120454.jpg\" alt=\"b-25.jpg\"></p><p style=\"margin-bottom: 15px;\"><img src=\"/ueditor/php/upload/image/20170424/1493018428105298.jpg\" title=\"1493018428105298.jpg\" _src=\"/ueditor/php/upload/image/20170424/1493018428105298.jpg\" alt=\"b-26.jpg\"></p><p style=\"margin-bottom: 15px;\"><img src=\"/ueditor/php/upload/image/20170424/1493018433772850.jpg\" title=\"1493018433772850.jpg\" _src=\"/ueditor/php/upload/image/20170424/1493018433772850.jpg\" alt=\"b-27.jpg\"></p>', '58fda384bf899.png', '58fda384bf899.png', '<p style=\"margin-bottom: 20px;\"><img src=\"/ueditor/php/upload/image/20170426/1493174369859990.jpg\" _src=\"/ueditor/php/upload/image/20170426/1493174369859990.jpg\" style=\"\" title=\"1493174369859990.jpg\"></p><p style=\"margin-bottom: 20px;\"><img src=\"/ueditor/php/upload/image/20170426/1493174369595645.jpg\" _src=\"/ueditor/php/upload/image/20170426/1493174369595645.jpg\" style=\"\" title=\"1493174369595645.jpg\"></p><p style=\"margin-bottom: 20px;\"><img src=\"/ueditor/php/upload/image/20170426/1493174369986847.jpg\" _src=\"/ueditor/php/upload/image/20170426/1493174369986847.jpg\" style=\"\" title=\"1493174369986847.jpg\"></p><p style=\"margin-bottom: 20px;\"><img src=\"/ueditor/php/upload/image/20170426/1493174369263010.jpg\" _src=\"/ueditor/php/upload/image/20170426/1493174369263010.jpg\" style=\"\" title=\"1493174369263010.jpg\"></p><p style=\"margin-bottom: 20px;\"><img src=\"/ueditor/php/upload/image/20170426/1493174369130657.jpg\" _src=\"/ueditor/php/upload/image/20170426/1493174369130657.jpg\" style=\"\" title=\"1493174369130657.jpg\"></p><p style=\"margin-bottom: 20px;\"><img src=\"/ueditor/php/upload/image/20170426/1493174369367577.jpg\" _src=\"/ueditor/php/upload/image/20170426/1493174369367577.jpg\" style=\"\" title=\"1493174369367577.jpg\"></p><p style=\"margin-bottom: 20px;\"><img src=\"/ueditor/php/upload/image/20170426/1493174369134470.jpg\" _src=\"/ueditor/php/upload/image/20170426/1493174369134470.jpg\" style=\"\" title=\"1493174369134470.jpg\"></p><p style=\"margin-bottom: 20px;\"><img src=\"/ueditor/php/upload/image/20170426/1493174369903839.jpg\" _src=\"/ueditor/php/upload/image/20170426/1493174369903839.jpg\" style=\"\" title=\"1493174369903839.jpg\"></p><p style=\"margin-bottom: 20px;\"><img src=\"/ueditor/php/upload/image/20170426/1493174369107368.jpg\" _src=\"/ueditor/php/upload/image/20170426/1493174369107368.jpg\" style=\"\" title=\"1493174369107368.jpg\"></p><p style=\"margin-bottom: 20px;\"><img src=\"/ueditor/php/upload/image/20170426/1493174369129344.jpg\" _src=\"/ueditor/php/upload/image/20170426/1493174369129344.jpg\" style=\"\" title=\"1493174369129344.jpg\"></p><p style=\"margin-bottom: 20px;\"><img src=\"/ueditor/php/upload/image/20170426/1493174369421926.jpg\" _src=\"/ueditor/php/upload/image/20170426/1493174369421926.jpg\" style=\"\" title=\"1493174369421926.jpg\"></p><p style=\"margin-bottom: 20px;\"><img src=\"/ueditor/php/upload/image/20170426/1493174369327041.jpg\" _src=\"/ueditor/php/upload/image/20170426/1493174369327041.jpg\" style=\"\" title=\"1493174369327041.jpg\"></p><p style=\"margin-bottom: 20px;\"><img src=\"/ueditor/php/upload/image/20170426/1493174369331301.jpg\" _src=\"/ueditor/php/upload/image/20170426/1493174369331301.jpg\" style=\"\" title=\"1493174369331301.jpg\"></p><p style=\"margin-bottom: 20px;\"><img src=\"/ueditor/php/upload/image/20170426/1493174369139035.jpg\" _src=\"/ueditor/php/upload/image/20170426/1493174369139035.jpg\" style=\"\" title=\"1493174369139035.jpg\"></p><p>​<br></p>', null, '2017-04-24 15:04:39');
INSERT INTO `project` VALUES ('50', '立白', '58fda39c28bdb.png', '58fda39f68fed.png', '<p style=\"line-height: 2em; margin-bottom: 15px;\"><img src=\"/ueditor/php/upload/image/20170424/1493018184120230.jpg\" title=\"1493018184120230.jpg\" alt=\"a-08.jpg\" _src=\"/ueditor/php/upload/image/20170424/1493018184120230.jpg\"></p><p style=\"line-height: 2em; margin-bottom: 15px;\"><img src=\"/ueditor/php/upload/image/20170424/1493018195248723.jpg\" title=\"1493018195248723.jpg\" alt=\"a-09.jpg\" _src=\"/ueditor/php/upload/image/20170424/1493018195248723.jpg\"></p><p style=\"line-height: 2em; margin-bottom: 15px;\"><img src=\"/ueditor/php/upload/image/20170424/1493018204612084.jpg\" title=\"1493018204612084.jpg\" alt=\"a-10.jpg\" _src=\"/ueditor/php/upload/image/20170424/1493018204612084.jpg\"></p><p style=\"line-height: 2em; margin-bottom: 15px;\"><img src=\"/ueditor/php/upload/image/20170424/1493018211611051.jpg\" title=\"1493018211611051.jpg\" alt=\"a-11.jpg\" _src=\"/ueditor/php/upload/image/20170424/1493018211611051.jpg\"></p><p style=\"line-height: 2em; margin-bottom: 15px;\"><img src=\"/ueditor/php/upload/image/20170424/1493018218669058.jpg\" title=\"1493018218669058.jpg\" alt=\"a-12.jpg\" _src=\"/ueditor/php/upload/image/20170424/1493018218669058.jpg\"></p><p style=\"line-height: 2em; margin-bottom: 15px;\"><img src=\"/ueditor/php/upload/image/20170424/1493018225259998.jpg\" title=\"1493018225259998.jpg\" alt=\"a-13.jpg\" _src=\"/ueditor/php/upload/image/20170424/1493018225259998.jpg\"></p>', '58fda3a6b11e6.png', '58fda3a6b11e6.png', '<p style=\"margin-bottom: 20px;\"><img src=\"/ueditor/php/upload/image/20170426/1493174144342317.jpg\" _src=\"/ueditor/php/upload/image/20170426/1493174144342317.jpg\" style=\"\" title=\"1493174144342317.jpg\"></p><p style=\"margin-bottom: 20px;\"><img src=\"/ueditor/php/upload/image/20170426/1493174144102622.jpg\" _src=\"/ueditor/php/upload/image/20170426/1493174144102622.jpg\" style=\"\" title=\"1493174144102622.jpg\"></p><p style=\"margin-bottom: 20px;\"><img src=\"/ueditor/php/upload/image/20170426/1493174144120717.jpg\" _src=\"/ueditor/php/upload/image/20170426/1493174144120717.jpg\" style=\"\" title=\"1493174144120717.jpg\"></p><p style=\"margin-bottom: 20px;\"><img src=\"/ueditor/php/upload/image/20170426/1493174144101236.jpg\" _src=\"/ueditor/php/upload/image/20170426/1493174144101236.jpg\" style=\"\" title=\"1493174144101236.jpg\"></p><p style=\"margin-bottom: 20px;\"><img src=\"/ueditor/php/upload/image/20170426/1493174144469347.jpg\" _src=\"/ueditor/php/upload/image/20170426/1493174144469347.jpg\" style=\"\" title=\"1493174144469347.jpg\"></p><p style=\"margin-bottom: 20px;\"><img src=\"/ueditor/php/upload/image/20170426/1493174144394687.jpg\" _src=\"/ueditor/php/upload/image/20170426/1493174144394687.jpg\" style=\"\" title=\"1493174144394687.jpg\"></p><p><br></p>', null, '2017-04-24 15:05:12');
INSERT INTO `project` VALUES ('61', 'd', '590018fc0d854.png', '590019017f1f4.png', '<p style=\"line-height: 2em; margin-bottom: 15px;\"><img src=\"/ueditor/php/upload/image/20170424/1493018184120230.jpg\" title=\"1493018184120230.jpg\" alt=\"a-08.jpg\" _src=\"/ueditor/php/upload/image/20170424/1493018184120230.jpg\"></p><p style=\"line-height: 2em; margin-bottom: 15px;\"><img src=\"/ueditor/php/upload/image/20170424/1493018195248723.jpg\" title=\"1493018195248723.jpg\" alt=\"a-09.jpg\" _src=\"/ueditor/php/upload/image/20170424/1493018195248723.jpg\"></p><p style=\"line-height: 2em; margin-bottom: 15px;\"><img src=\"/ueditor/php/upload/image/20170424/1493018204612084.jpg\" title=\"1493018204612084.jpg\" alt=\"a-10.jpg\" _src=\"/ueditor/php/upload/image/20170424/1493018204612084.jpg\"></p><p style=\"line-height: 2em; margin-bottom: 15px;\"><img src=\"/ueditor/php/upload/image/20170424/1493018211611051.jpg\" title=\"1493018211611051.jpg\" alt=\"a-11.jpg\" _src=\"/ueditor/php/upload/image/20170424/1493018211611051.jpg\"></p><p style=\"line-height: 2em; margin-bottom: 15px;\"><img src=\"/ueditor/php/upload/image/20170424/1493018218669058.jpg\" title=\"1493018218669058.jpg\" alt=\"a-12.jpg\" _src=\"/ueditor/php/upload/image/20170424/1493018218669058.jpg\"></p><p style=\"line-height: 2em; margin-bottom: 15px;\"><img src=\"/ueditor/php/upload/image/20170424/1493018225259998.jpg\" title=\"1493018225259998.jpg\" alt=\"a-13.jpg\" _src=\"/ueditor/php/upload/image/20170424/1493018225259998.jpg\"></p>', '59001906beea9.png', null, '<p style=\"line-height: 2em; margin-bottom: 15px;\"><img src=\"/ueditor/php/upload/image/20170424/1493018184120230.jpg\" title=\"1493018184120230.jpg\" alt=\"a-08.jpg\" _src=\"/ueditor/php/upload/image/20170424/1493018184120230.jpg\"></p><p style=\"line-height: 2em; margin-bottom: 15px;\"><img src=\"/ueditor/php/upload/image/20170424/1493018195248723.jpg\" title=\"1493018195248723.jpg\" alt=\"a-09.jpg\" _src=\"/ueditor/php/upload/image/20170424/1493018195248723.jpg\"></p><p style=\"line-height: 2em; margin-bottom: 15px;\"><img src=\"/ueditor/php/upload/image/20170424/1493018204612084.jpg\" title=\"1493018204612084.jpg\" alt=\"a-10.jpg\" _src=\"/ueditor/php/upload/image/20170424/1493018204612084.jpg\"></p><p style=\"line-height: 2em; margin-bottom: 15px;\"><img src=\"/ueditor/php/upload/image/20170424/1493018211611051.jpg\" title=\"1493018211611051.jpg\" alt=\"a-11.jpg\" _src=\"/ueditor/php/upload/image/20170424/1493018211611051.jpg\"></p><p style=\"line-height: 2em; margin-bottom: 15px;\"><img src=\"/ueditor/php/upload/image/20170424/1493018218669058.jpg\" title=\"1493018218669058.jpg\" alt=\"a-12.jpg\" _src=\"/ueditor/php/upload/image/20170424/1493018218669058.jpg\"></p><p style=\"line-height: 2em; margin-bottom: 15px;\"><img src=\"/ueditor/php/upload/image/20170424/1493018225259998.jpg\" title=\"1493018225259998.jpg\" alt=\"a-13.jpg\" _src=\"/ueditor/php/upload/image/20170424/1493018225259998.jpg\"></p>', null, '2017-04-26 11:50:33');
INSERT INTO `project` VALUES ('62', null, '58fda39c28bdb.png', '58fda39f68fed.png', '<p style=\"line-height: 2em; margin-bottom: 15px;\"><img src=\"/ueditor/php/upload/image/20170424/1493018184120230.jpg\" title=\"1493018184120230.jpg\" alt=\"a-08.jpg\" _src=\"/ueditor/php/upload/image/20170424/1493018184120230.jpg\"></p><p style=\"line-height: 2em; margin-bottom: 15px;\"><img src=\"/ueditor/php/upload/image/20170424/1493018195248723.jpg\" title=\"1493018195248723.jpg\" alt=\"a-09.jpg\" _src=\"/ueditor/php/upload/image/20170424/1493018195248723.jpg\"></p><p style=\"line-height: 2em; margin-bottom: 15px;\"><img src=\"/ueditor/php/upload/image/20170424/1493018204612084.jpg\" title=\"1493018204612084.jpg\" alt=\"a-10.jpg\" _src=\"/ueditor/php/upload/image/20170424/1493018204612084.jpg\"></p><p style=\"line-height: 2em; margin-bottom: 15px;\"><img src=\"/ueditor/php/upload/image/20170424/1493018211611051.jpg\" title=\"1493018211611051.jpg\" alt=\"a-11.jpg\" _src=\"/ueditor/php/upload/image/20170424/1493018211611051.jpg\"></p><p style=\"line-height: 2em; margin-bottom: 15px;\"><img src=\"/ueditor/php/upload/image/20170424/1493018218669058.jpg\" title=\"1493018218669058.jpg\" alt=\"a-12.jpg\" _src=\"/ueditor/php/upload/image/20170424/1493018218669058.jpg\"></p><p style=\"line-height: 2em; margin-bottom: 15px;\"><img src=\"/ueditor/php/upload/image/20170424/1493018225259998.jpg\" title=\"1493018225259998.jpg\" alt=\"a-13.jpg\" _src=\"/ueditor/php/upload/image/20170424/1493018225259998.jpg\"></p>', '58fda384bf899.png', null, '<p style=\"line-height: 2em; margin-bottom: 15px;\"><img src=\"/ueditor/php/upload/image/20170424/1493018184120230.jpg\" title=\"1493018184120230.jpg\" alt=\"a-08.jpg\" _src=\"/ueditor/php/upload/image/20170424/1493018184120230.jpg\"></p><p style=\"line-height: 2em; margin-bottom: 15px;\"><img src=\"/ueditor/php/upload/image/20170424/1493018195248723.jpg\" title=\"1493018195248723.jpg\" alt=\"a-09.jpg\" _src=\"/ueditor/php/upload/image/20170424/1493018195248723.jpg\"></p><p style=\"line-height: 2em; margin-bottom: 15px;\"><img src=\"/ueditor/php/upload/image/20170424/1493018204612084.jpg\" title=\"1493018204612084.jpg\" alt=\"a-10.jpg\" _src=\"/ueditor/php/upload/image/20170424/1493018204612084.jpg\"></p><p style=\"line-height: 2em; margin-bottom: 15px;\"><img src=\"/ueditor/php/upload/image/20170424/1493018211611051.jpg\" title=\"1493018211611051.jpg\" alt=\"a-11.jpg\" _src=\"/ueditor/php/upload/image/20170424/1493018211611051.jpg\"></p><p style=\"line-height: 2em; margin-bottom: 15px;\"><img src=\"/ueditor/php/upload/image/20170424/1493018218669058.jpg\" title=\"1493018218669058.jpg\" alt=\"a-12.jpg\" _src=\"/ueditor/php/upload/image/20170424/1493018218669058.jpg\"></p><p style=\"line-height: 2em; margin-bottom: 15px;\"><img src=\"/ueditor/php/upload/image/20170424/1493018225259998.jpg\" title=\"1493018225259998.jpg\" alt=\"a-13.jpg\" _src=\"/ueditor/php/upload/image/20170424/1493018225259998.jpg\"></p>', null, null);
INSERT INTO `project` VALUES ('63', null, '58fda35c9ec02.png', '58fda3447b805.png', '<p style=\"line-height: 2em; margin-bottom: 15px;\"><img src=\"/ueditor/php/upload/image/20170424/1493018184120230.jpg\" title=\"1493018184120230.jpg\" alt=\"a-08.jpg\" _src=\"/ueditor/php/upload/image/20170424/1493018184120230.jpg\"></p><p style=\"line-height: 2em; margin-bottom: 15px;\"><img src=\"/ueditor/php/upload/image/20170424/1493018195248723.jpg\" title=\"1493018195248723.jpg\" alt=\"a-09.jpg\" _src=\"/ueditor/php/upload/image/20170424/1493018195248723.jpg\"></p><p style=\"line-height: 2em; margin-bottom: 15px;\"><img src=\"/ueditor/php/upload/image/20170424/1493018204612084.jpg\" title=\"1493018204612084.jpg\" alt=\"a-10.jpg\" _src=\"/ueditor/php/upload/image/20170424/1493018204612084.jpg\"></p><p style=\"line-height: 2em; margin-bottom: 15px;\"><img src=\"/ueditor/php/upload/image/20170424/1493018211611051.jpg\" title=\"1493018211611051.jpg\" alt=\"a-11.jpg\" _src=\"/ueditor/php/upload/image/20170424/1493018211611051.jpg\"></p><p style=\"line-height: 2em; margin-bottom: 15px;\"><img src=\"/ueditor/php/upload/image/20170424/1493018218669058.jpg\" title=\"1493018218669058.jpg\" alt=\"a-12.jpg\" _src=\"/ueditor/php/upload/image/20170424/1493018218669058.jpg\"></p><p style=\"line-height: 2em; margin-bottom: 15px;\"><img src=\"/ueditor/php/upload/image/20170424/1493018225259998.jpg\" title=\"1493018225259998.jpg\" alt=\"a-13.jpg\" _src=\"/ueditor/php/upload/image/20170424/1493018225259998.jpg\"></p>', '58fda34b511db.png', null, '<p style=\"line-height: 2em; margin-bottom: 15px;\"><img src=\"/ueditor/php/upload/image/20170424/1493018184120230.jpg\" title=\"1493018184120230.jpg\" alt=\"a-08.jpg\" _src=\"/ueditor/php/upload/image/20170424/1493018184120230.jpg\"></p><p style=\"line-height: 2em; margin-bottom: 15px;\"><img src=\"/ueditor/php/upload/image/20170424/1493018195248723.jpg\" title=\"1493018195248723.jpg\" alt=\"a-09.jpg\" _src=\"/ueditor/php/upload/image/20170424/1493018195248723.jpg\"></p><p style=\"line-height: 2em; margin-bottom: 15px;\"><img src=\"/ueditor/php/upload/image/20170424/1493018204612084.jpg\" title=\"1493018204612084.jpg\" alt=\"a-10.jpg\" _src=\"/ueditor/php/upload/image/20170424/1493018204612084.jpg\"></p><p style=\"line-height: 2em; margin-bottom: 15px;\"><img src=\"/ueditor/php/upload/image/20170424/1493018211611051.jpg\" title=\"1493018211611051.jpg\" alt=\"a-11.jpg\" _src=\"/ueditor/php/upload/image/20170424/1493018211611051.jpg\"></p><p style=\"line-height: 2em; margin-bottom: 15px;\"><img src=\"/ueditor/php/upload/image/20170424/1493018218669058.jpg\" title=\"1493018218669058.jpg\" alt=\"a-12.jpg\" _src=\"/ueditor/php/upload/image/20170424/1493018218669058.jpg\"></p><p style=\"line-height: 2em; margin-bottom: 15px;\"><img src=\"/ueditor/php/upload/image/20170424/1493018225259998.jpg\" title=\"1493018225259998.jpg\" alt=\"a-13.jpg\" _src=\"/ueditor/php/upload/image/20170424/1493018225259998.jpg\"></p>', null, null);
INSERT INTO `project` VALUES ('64', null, '58fda35c9ec02.png', '58fda3447b805.png', '<p style=\"line-height: 2em; margin-bottom: 15px;\"><img src=\"/ueditor/php/upload/image/20170424/1493018184120230.jpg\" title=\"1493018184120230.jpg\" alt=\"a-08.jpg\" _src=\"/ueditor/php/upload/image/20170424/1493018184120230.jpg\"></p><p style=\"line-height: 2em; margin-bottom: 15px;\"><img src=\"/ueditor/php/upload/image/20170424/1493018195248723.jpg\" title=\"1493018195248723.jpg\" alt=\"a-09.jpg\" _src=\"/ueditor/php/upload/image/20170424/1493018195248723.jpg\"></p><p style=\"line-height: 2em; margin-bottom: 15px;\"><img src=\"/ueditor/php/upload/image/20170424/1493018204612084.jpg\" title=\"1493018204612084.jpg\" alt=\"a-10.jpg\" _src=\"/ueditor/php/upload/image/20170424/1493018204612084.jpg\"></p><p style=\"line-height: 2em; margin-bottom: 15px;\"><img src=\"/ueditor/php/upload/image/20170424/1493018211611051.jpg\" title=\"1493018211611051.jpg\" alt=\"a-11.jpg\" _src=\"/ueditor/php/upload/image/20170424/1493018211611051.jpg\"></p><p style=\"line-height: 2em; margin-bottom: 15px;\"><img src=\"/ueditor/php/upload/image/20170424/1493018218669058.jpg\" title=\"1493018218669058.jpg\" alt=\"a-12.jpg\" _src=\"/ueditor/php/upload/image/20170424/1493018218669058.jpg\"></p><p style=\"line-height: 2em; margin-bottom: 15px;\"><img src=\"/ueditor/php/upload/image/20170424/1493018225259998.jpg\" title=\"1493018225259998.jpg\" alt=\"a-13.jpg\" _src=\"/ueditor/php/upload/image/20170424/1493018225259998.jpg\"></p>', '58fda34b511db.png', null, '<p style=\"line-height: 2em; margin-bottom: 15px;\"><img src=\"/ueditor/php/upload/image/20170424/1493018184120230.jpg\" title=\"1493018184120230.jpg\" alt=\"a-08.jpg\" _src=\"/ueditor/php/upload/image/20170424/1493018184120230.jpg\"></p><p style=\"line-height: 2em; margin-bottom: 15px;\"><img src=\"/ueditor/php/upload/image/20170424/1493018195248723.jpg\" title=\"1493018195248723.jpg\" alt=\"a-09.jpg\" _src=\"/ueditor/php/upload/image/20170424/1493018195248723.jpg\"></p><p style=\"line-height: 2em; margin-bottom: 15px;\"><img src=\"/ueditor/php/upload/image/20170424/1493018204612084.jpg\" title=\"1493018204612084.jpg\" alt=\"a-10.jpg\" _src=\"/ueditor/php/upload/image/20170424/1493018204612084.jpg\"></p><p style=\"line-height: 2em; margin-bottom: 15px;\"><img src=\"/ueditor/php/upload/image/20170424/1493018211611051.jpg\" title=\"1493018211611051.jpg\" alt=\"a-11.jpg\" _src=\"/ueditor/php/upload/image/20170424/1493018211611051.jpg\"></p><p style=\"line-height: 2em; margin-bottom: 15px;\"><img src=\"/ueditor/php/upload/image/20170424/1493018218669058.jpg\" title=\"1493018218669058.jpg\" alt=\"a-12.jpg\" _src=\"/ueditor/php/upload/image/20170424/1493018218669058.jpg\"></p><p style=\"line-height: 2em; margin-bottom: 15px;\"><img src=\"/ueditor/php/upload/image/20170424/1493018225259998.jpg\" title=\"1493018225259998.jpg\" alt=\"a-13.jpg\" _src=\"/ueditor/php/upload/image/20170424/1493018225259998.jpg\"></p>', null, null);
INSERT INTO `project` VALUES ('65', null, '58fda35c9ec02.png', '58fda3447b805.png', '<p style=\"line-height: 2em; margin-bottom: 15px;\"><img src=\"/ueditor/php/upload/image/20170424/1493018184120230.jpg\" title=\"1493018184120230.jpg\" alt=\"a-08.jpg\" _src=\"/ueditor/php/upload/image/20170424/1493018184120230.jpg\"></p><p style=\"line-height: 2em; margin-bottom: 15px;\"><img src=\"/ueditor/php/upload/image/20170424/1493018195248723.jpg\" title=\"1493018195248723.jpg\" alt=\"a-09.jpg\" _src=\"/ueditor/php/upload/image/20170424/1493018195248723.jpg\"></p><p style=\"line-height: 2em; margin-bottom: 15px;\"><img src=\"/ueditor/php/upload/image/20170424/1493018204612084.jpg\" title=\"1493018204612084.jpg\" alt=\"a-10.jpg\" _src=\"/ueditor/php/upload/image/20170424/1493018204612084.jpg\"></p><p style=\"line-height: 2em; margin-bottom: 15px;\"><img src=\"/ueditor/php/upload/image/20170424/1493018211611051.jpg\" title=\"1493018211611051.jpg\" alt=\"a-11.jpg\" _src=\"/ueditor/php/upload/image/20170424/1493018211611051.jpg\"></p><p style=\"line-height: 2em; margin-bottom: 15px;\"><img src=\"/ueditor/php/upload/image/20170424/1493018218669058.jpg\" title=\"1493018218669058.jpg\" alt=\"a-12.jpg\" _src=\"/ueditor/php/upload/image/20170424/1493018218669058.jpg\"></p><p style=\"line-height: 2em; margin-bottom: 15px;\"><img src=\"/ueditor/php/upload/image/20170424/1493018225259998.jpg\" title=\"1493018225259998.jpg\" alt=\"a-13.jpg\" _src=\"/ueditor/php/upload/image/20170424/1493018225259998.jpg\"></p>', '58fda34b511db.png', null, '<p style=\"line-height: 2em; margin-bottom: 15px;\"><img src=\"/ueditor/php/upload/image/20170424/1493018184120230.jpg\" title=\"1493018184120230.jpg\" alt=\"a-08.jpg\" _src=\"/ueditor/php/upload/image/20170424/1493018184120230.jpg\"></p><p style=\"line-height: 2em; margin-bottom: 15px;\"><img src=\"/ueditor/php/upload/image/20170424/1493018195248723.jpg\" title=\"1493018195248723.jpg\" alt=\"a-09.jpg\" _src=\"/ueditor/php/upload/image/20170424/1493018195248723.jpg\"></p><p style=\"line-height: 2em; margin-bottom: 15px;\"><img src=\"/ueditor/php/upload/image/20170424/1493018204612084.jpg\" title=\"1493018204612084.jpg\" alt=\"a-10.jpg\" _src=\"/ueditor/php/upload/image/20170424/1493018204612084.jpg\"></p><p style=\"line-height: 2em; margin-bottom: 15px;\"><img src=\"/ueditor/php/upload/image/20170424/1493018211611051.jpg\" title=\"1493018211611051.jpg\" alt=\"a-11.jpg\" _src=\"/ueditor/php/upload/image/20170424/1493018211611051.jpg\"></p><p style=\"line-height: 2em; margin-bottom: 15px;\"><img src=\"/ueditor/php/upload/image/20170424/1493018218669058.jpg\" title=\"1493018218669058.jpg\" alt=\"a-12.jpg\" _src=\"/ueditor/php/upload/image/20170424/1493018218669058.jpg\"></p><p style=\"line-height: 2em; margin-bottom: 15px;\"><img src=\"/ueditor/php/upload/image/20170424/1493018225259998.jpg\" title=\"1493018225259998.jpg\" alt=\"a-13.jpg\" _src=\"/ueditor/php/upload/image/20170424/1493018225259998.jpg\"></p>', null, null);

-- ----------------------------
-- Table structure for `students`
-- ----------------------------
DROP TABLE IF EXISTS `students`;
CREATE TABLE `students` (
  `id` int(10) unsigned NOT NULL AUTO_INCREMENT,
  `name` varchar(255) COLLATE utf8mb4_unicode_ci NOT NULL,
  `age` int(10) unsigned NOT NULL DEFAULT '0',
  `sex` int(10) unsigned NOT NULL DEFAULT '10',
  `created_at` int(11) NOT NULL DEFAULT '0',
  `updated_at` int(11) NOT NULL DEFAULT '0',
  PRIMARY KEY (`id`)
) ENGINE=MyISAM AUTO_INCREMENT=12 DEFAULT CHARSET=utf8mb4 COLLATE=utf8mb4_unicode_ci;

-- ----------------------------
-- Records of students
-- ----------------------------
INSERT INTO `students` VALUES ('1', 'kobe', '23', '20', '1510545731', '1510627073');
INSERT INTO `students` VALUES ('2', 'sean', '18', '20', '1510553201', '1510553201');
INSERT INTO `students` VALUES ('3', 'jane', '19', '30', '1510553215', '1510553215');
INSERT INTO `students` VALUES ('4', 'ee', '14', '20', '1510556129', '1510556129');
INSERT INTO `students` VALUES ('5', 'kitty', '17', '30', '1510557122', '1510557122');
INSERT INTO `students` VALUES ('6', 'july', '19', '30', '1510557170', '1510557170');
INSERT INTO `students` VALUES ('7', 'sean01', '16', '20', '1510562976', '1510562976');
INSERT INTO `students` VALUES ('8', 'ss', '24', '10', '1510566123', '1510566123');
INSERT INTO `students` VALUES ('9', 'kobe1', '23', '20', '1510566336', '1510566336');
INSERT INTO `students` VALUES ('10', 'dd', '24', '30', '1510566686', '1510566686');
INSERT INTO `students` VALUES ('11', 'kobe11', '19', '20', '1510625472', '1510625472');

-- ----------------------------
-- Table structure for `topics`
-- ----------------------------
DROP TABLE IF EXISTS `topics`;
CREATE TABLE `topics` (
  `id` int(10) unsigned NOT NULL AUTO_INCREMENT,
  `name` varchar(191) COLLATE utf8mb4_unicode_ci NOT NULL DEFAULT '',
  `created_at` timestamp NULL DEFAULT NULL,
  `updated_at` timestamp NULL DEFAULT NULL,
  PRIMARY KEY (`id`)
) ENGINE=MyISAM AUTO_INCREMENT=6 DEFAULT CHARSET=utf8mb4 COLLATE=utf8mb4_unicode_ci;

-- ----------------------------
-- Records of topics
-- ----------------------------
INSERT INTO `topics` VALUES ('1', '旅游', '2017-11-21 15:27:55', '2017-11-21 15:27:59');
INSERT INTO `topics` VALUES ('2', '青春', '2017-11-21 15:28:11', '2017-11-21 15:28:15');
INSERT INTO `topics` VALUES ('4', '工作', '2017-11-27 10:05:45', '2017-11-27 10:05:45');

-- ----------------------------
-- Table structure for `user_notice`
-- ----------------------------
DROP TABLE IF EXISTS `user_notice`;
CREATE TABLE `user_notice` (
  `id` int(10) unsigned NOT NULL AUTO_INCREMENT,
  `user_id` int(11) NOT NULL DEFAULT '0',
  `notice_id` int(11) NOT NULL DEFAULT '0',
  PRIMARY KEY (`id`)
) ENGINE=MyISAM AUTO_INCREMENT=13 DEFAULT CHARSET=utf8mb4 COLLATE=utf8mb4_unicode_ci;

-- ----------------------------
-- Records of user_notice
-- ----------------------------
INSERT INTO `user_notice` VALUES ('1', '2', '2');
INSERT INTO `user_notice` VALUES ('2', '3', '2');
INSERT INTO `user_notice` VALUES ('3', '4', '2');
INSERT INTO `user_notice` VALUES ('4', '1', '2');
INSERT INTO `user_notice` VALUES ('5', '2', '3');
INSERT INTO `user_notice` VALUES ('6', '3', '3');
INSERT INTO `user_notice` VALUES ('7', '4', '3');
INSERT INTO `user_notice` VALUES ('8', '1', '3');
INSERT INTO `user_notice` VALUES ('9', '2', '4');
INSERT INTO `user_notice` VALUES ('10', '3', '4');
INSERT INTO `user_notice` VALUES ('11', '4', '4');
INSERT INTO `user_notice` VALUES ('12', '1', '4');

-- ----------------------------
-- Table structure for `users`
-- ----------------------------
DROP TABLE IF EXISTS `users`;
CREATE TABLE `users` (
  `id` int(10) unsigned NOT NULL AUTO_INCREMENT,
  `name` varchar(255) COLLATE utf8mb4_unicode_ci NOT NULL,
  `email` varchar(255) COLLATE utf8mb4_unicode_ci NOT NULL,
  `password` varchar(255) COLLATE utf8mb4_unicode_ci NOT NULL,
  `remember_token` varchar(100) COLLATE utf8mb4_unicode_ci DEFAULT NULL,
  `created_at` timestamp NULL DEFAULT NULL,
  `updated_at` timestamp NULL DEFAULT NULL,
  `avatar` varchar(100) COLLATE utf8mb4_unicode_ci NOT NULL DEFAULT '',
  PRIMARY KEY (`id`)
) ENGINE=MyISAM AUTO_INCREMENT=6 DEFAULT CHARSET=utf8mb4 COLLATE=utf8mb4_unicode_ci;

-- ----------------------------
-- Records of users
-- ----------------------------
INSERT INTO `users` VALUES ('2', 'user2', 'user1@gmail.com.cn', '$2y$10$cls3w2ozhr9eJZhEwxsojeRfO/.uH.cXlOJxJ8pdsSlZsVKjuC2.a', 'B5elmU4BP7zWZSEJNimxtmhj5jJNycEaqZ5JpRrem2bTphvbJFx39ksMc86k', '2017-11-15 18:25:03', '2017-11-15 18:25:03', '/storage/5fe388a539c78770add3ac4b2b833bcf/HwovkLq9y49V09QjAhA7SCQXZWwxcRa4Yg1bdhEA.png');
INSERT INTO `users` VALUES ('3', 'user3', '4623369233@qq.com', '$2y$10$vobVJtMnZcB0MbTRiUoyUe1OFFQEYlMqSH0c2UY6XrSY3TT5qaTvm', 'mvLMPbue9Rw9dIyi2j1NWm5k5MStjopeLqiK02Pz0iWbSCjK4CfROxKKoPXD', '2017-11-15 18:27:01', '2017-11-15 18:27:01', '/storage/5fe388a539c78770add3ac4b2b833bcf/HwovkLq9y49V09QjAhA7SCQXZWwxcRa4Yg1bdhEA.png');
INSERT INTO `users` VALUES ('4', 'user4', 'user4@gmail.com.cn', '$2y$10$IwGiOXOL5BlyXW6KABH1r.UpS30e0CpORchxjucnu6S3jGoJN4oW2', null, '2017-11-15 18:28:36', '2017-11-15 18:28:36', '/storage/5fe388a539c78770add3ac4b2b833bcf/HwovkLq9y49V09QjAhA7SCQXZWwxcRa4Yg1bdhEA.png');
INSERT INTO `users` VALUES ('1', 'user1', 'user5@gmail.com.cn', '$2y$10$TiQq.lkuvbm1gvVN5zcfG.vTVDkAyNwd27ADZOvLs8wx4D8CihV.y', 'CD87GJvKMWXTI9b9z9hgV3HCl1VHZwlRL5jRj8z8RT3NbIwd4NKMYKE1iVwl', '2017-11-15 18:29:17', '2017-11-15 18:29:17', '/storage/5fe388a539c78770add3ac4b2b833bcf/HwovkLq9y49V09QjAhA7SCQXZWwxcRa4Yg1bdhEA.png');

-- ----------------------------
-- Table structure for `zans`
-- ----------------------------
DROP TABLE IF EXISTS `zans`;
CREATE TABLE `zans` (
  `id` int(10) unsigned NOT NULL AUTO_INCREMENT,
  `user_id` int(11) NOT NULL DEFAULT '0',
  `post_id` int(11) NOT NULL DEFAULT '0',
  `created_at` timestamp NULL DEFAULT NULL,
  `updated_at` timestamp NULL DEFAULT NULL,
  PRIMARY KEY (`id`)
) ENGINE=MyISAM AUTO_INCREMENT=7 DEFAULT CHARSET=utf8mb4 COLLATE=utf8mb4_unicode_ci;

-- ----------------------------
-- Records of zans
-- ----------------------------
INSERT INTO `zans` VALUES ('2', '3', '27', '2017-11-16 16:45:33', '2017-11-16 16:45:33');
INSERT INTO `zans` VALUES ('3', '2', '27', '2017-11-16 16:47:52', '2017-11-16 16:47:52');
INSERT INTO `zans` VALUES ('4', '2', '3', '2017-11-16 16:56:38', '2017-11-16 16:56:38');
INSERT INTO `zans` VALUES ('5', '2', '23', '2017-11-16 16:56:48', '2017-11-16 16:56:48');
INSERT INTO `zans` VALUES ('6', '1', '23', '2017-11-16 17:03:17', '2017-11-16 17:03:17');
